,City,Country,Max Temp,Lat,Lng,Hotel Name
0,Saint George,US,66.79,37.1041,-113.5841,Best Western Plus Abbey Inn
1,Port Alfred,ZA,75.36,-33.5906,26.891,The Halyards Hotel
5,Punta Arenas,CL,51.91,-53.15,-70.9167,Hotel Hain
6,Oranjemund,,65.64,-28.55,16.4333,The Fisherman's Cove
7,Rikitea,PF,78.84,-23.1203,-134.9692,People ThankYou
8,Ribeira Grande,PT,61.57,38.5167,-28.7,Quinta da Meia Eira
10,Puerto Ayora,EC,75.54,-0.7393,-90.3518,Finch Bay Galapagos Hotel
12,Bluff,NZ,53.8,-46.6,168.3333,Bluff Homestead - Guesthouse & Campervan Park
14,Half Moon Bay,US,78.71,37.4636,-122.4286,"The Ritz-Carlton, Half Moon Bay"
17,Atuona,PF,77.67,-9.8,-139.0333,Villa Enata
18,Cape Town,ZA,69.89,-33.9258,18.4232,Southern Sun Waterfront Cape Town
19,Georgetown,MY,78.89,5.4112,100.3354,Cititel Penang
20,Lebu,CL,58.12,-37.6167,-73.65,Hostal Las Lilas
22,Punta Arenas,CL,51.91,-53.15,-70.9167,Hotel Hain
24,San Jorge,AR,61.38,-31.8962,-61.8598,INDIGO Hostel
25,Port Lincoln,AU,78.35,-34.7333,135.8667,Port Lincoln Hotel
26,Aguimes,ES,60.85,27.9054,-15.4461,Hotel Villa de Aguimes
27,Bambous Virieux,MU,77.25,-20.3428,57.7575,Casa Tia Villa
28,Opuwo,,66.31,-18.0607,13.84,ABBA Guesthouse
29,Punta Arenas,CL,51.91,-53.15,-70.9167,Hotel Hain
30,Sokoni,TZ,78.66,-6.4333,39.55,Ujamaa Beach Resort
31,Rikitea,PF,78.84,-23.1203,-134.9692,People ThankYou
32,Mataura,NZ,53.47,-46.1927,168.8643,Ellie's Villa
33,Lebu,CL,58.12,-37.6167,-73.65,Hostal Las Lilas
38,Yulara,AU,84.04,-25.2406,130.9889,Desert Gardens Hotel - Ayers Rock Resort
39,Punta Arenas,CL,51.91,-53.15,-70.9167,Hotel Hain
40,Mataura,NZ,53.47,-46.1927,168.8643,Ellie's Villa
41,Kudat,MY,75.29,6.8837,116.8477,Dream Garden Hotel
42,Mataura,NZ,53.47,-46.1927,168.8643,Ellie's Villa
44,Rikitea,PF,78.84,-23.1203,-134.9692,People ThankYou
45,Hambantota,LK,75.54,6.1241,81.1185,Bungalow 63
46,Rafai,CF,69.8,4.95,23.9167,
50,Kruisfontein,ZA,69.76,-34.0033,24.7314,Oyster Bay House Rental
52,Haimen,CN,60.69,23.1935,116.6142,Jinghao Business Hotel
53,Richards Bay,ZA,71.04,-28.783,32.0377,BON Hotel Waterfront Richards Bay
54,Bluff,NZ,53.8,-46.6,168.3333,Bluff Homestead - Guesthouse & Campervan Park
57,Hobart,AU,79.02,-42.8794,147.3294,Mantra on Collins Hobart
59,Gamba,GA,77.32,-2.65,10.0,
61,Puerto Ayora,EC,75.54,-0.7393,-90.3518,Finch Bay Galapagos Hotel
62,Anaco,VE,79.14,9.4389,-64.4728,SAIVEN MALL (SAIVEN C.A.)
63,Punta Arenas,CL,51.91,-53.15,-70.9167,Hotel Hain
65,Hithadhoo,MV,81.19,-0.6,73.0833,Scoop Guest House
68,Rikitea,PF,78.84,-23.1203,-134.9692,People ThankYou
70,Port Alfred,ZA,75.36,-33.5906,26.891,The Halyards Hotel
72,Hoquiam,US,58.06,46.9809,-123.8893,Econo Lodge Inn & Suites
73,Arraial Do Cabo,BR,75.07,-22.9661,-42.0278,Pousada Porto Praia
74,Nha Trang,VN,77.0,12.25,109.1833,Sheraton Nha Trang Hotel & Spa
76,Rikitea,PF,78.84,-23.1203,-134.9692,People ThankYou
80,Bandarbeyla,SO,74.19,9.4942,50.8122,JABIR HOTEL
81,Nakhon Phanom,TH,78.6,17.3333,104.4167,‡∏õ‡πà‡∏≤‡∏¢‡∏≤‡∏á‡∏£‡∏µ‡∏™‡∏≠‡∏£‡πå‡∏ó
83,Muncar,ID,76.86,-8.4333,114.3333,Zaky Homestay
84,Kapaa,US,79.48,22.0752,-159.319,Sheraton Kauai Coconut Beach Resort
85,Taoudenni,ML,61.79,22.6783,-3.9836,
86,Waingapu,ID,82.29,-9.6567,120.2641,Pondok Wisata Elim
87,Ugoofaaru,MV,81.55,5.6667,73.0,Ungoofaaru Inn
90,Kapaa,US,79.48,22.0752,-159.319,Sheraton Kauai Coconut Beach Resort
94,Mount Gambier,AU,80.51,-37.8333,140.7667,The Commodore
99,Bluff,NZ,53.8,-46.6,168.3333,Bluff Homestead - Guesthouse & Campervan Park
100,Hobart,AU,79.02,-42.8794,147.3294,Mantra on Collins Hobart
102,Rikitea,PF,78.84,-23.1203,-134.9692,People ThankYou
104,Rikitea,PF,78.84,-23.1203,-134.9692,People ThankYou
107,Avarua,CK,78.85,-21.2078,-159.775,Paradise Inn
108,Butaritari,KI,83.08,3.0707,172.7902,Isles Sunset Lodge
111,Port-Gentil,GA,80.38,-0.7193,8.7815,Fengshui Residence
112,Avarua,CK,78.85,-21.2078,-159.775,Paradise Inn
114,Ribeira Grande,PT,61.57,38.5167,-28.7,Quinta da Meia Eira
115,Hermanus,ZA,66.9,-34.4187,19.2345,Misty Waves Boutique Hotel
117,Mataura,NZ,53.47,-46.1927,168.8643,Ellie's Villa
118,Punta Arenas,CL,51.91,-53.15,-70.9167,Hotel Hain
119,Kaitangata,NZ,55.92,-46.2817,169.8464,Kaitangata Motor Camp
121,Luanda,AO,76.12,-8.8368,13.2343,Hotel F√≥rum
123,Rikitea,PF,78.84,-23.1203,-134.9692,People ThankYou
124,Hilo,US,78.53,19.7297,-155.09,Hilo Hawaiian Hotel
126,Kapaa,US,79.48,22.0752,-159.319,Sheraton Kauai Coconut Beach Resort
127,Sao Miguel Do Araguaia,BR,73.08,-13.275,-50.1628,Hotel Executivo Palace
131,Nanakuli,US,81.77,21.3906,-158.1547,Camp PƒÅlehua
132,Saint-Philippe,RE,78.35,-21.3585,55.7679,"Chambres d'h√¥te ""La Trinit√©"""
134,Flinders,AU,77.38,-34.5833,150.8552,Shellharbour Resort & Conference Centre
136,Hilo,US,78.53,19.7297,-155.09,Hilo Hawaiian Hotel
138,Mataura,NZ,53.47,-46.1927,168.8643,Ellie's Villa
140,Punta Arenas,CL,51.91,-53.15,-70.9167,Hotel Hain
141,Busselton,AU,68.04,-33.65,115.3333,Observatory Guest House
147,Simpang,ID,77.32,-1.2667,104.0833,
149,Hobart,AU,79.02,-42.8794,147.3294,Mantra on Collins Hobart
150,Dunedin,NZ,54.81,-45.8742,170.5036,Scenic Hotel Southern Cross
151,Arraial Do Cabo,BR,75.07,-22.9661,-42.0278,Pousada Porto Praia
153,Adrar,MR,61.07,20.5022,-10.0711,
158,Alcudia,ES,51.19,39.8532,3.1214,Zafiro Tropic
159,Matara,LK,74.93,5.9485,80.5353,Amaloh Boutique Resort
162,Airai,TL,69.82,-8.9266,125.4092,
163,Avarua,CK,78.85,-21.2078,-159.775,Paradise Inn
165,Agadez,NE,57.36,19.75,10.25,
169,Rikitea,PF,78.84,-23.1203,-134.9692,People ThankYou
170,Ponta Do Sol,PT,63.23,32.6667,-17.1,Hotel do Campo
172,Punta Arenas,CL,51.91,-53.15,-70.9167,Hotel Hain
173,Marrakesh,MA,55.47,31.6315,-8.0083,Novotel Marrakech Hivernage
175,Mayo,US,54.01,38.8876,-76.5119,Resorts Resource Group International
176,Rikitea,PF,78.84,-23.1203,-134.9692,People ThankYou
177,Kapaa,US,79.48,22.0752,-159.319,Sheraton Kauai Coconut Beach Resort
180,Calama,CL,58.26,-22.4667,-68.9333,Diego De Almagro Calama
181,Lagoa,PT,60.75,39.05,-27.9833,Casa Das Faias
183,Busselton,AU,68.04,-33.65,115.3333,Observatory Guest House
184,Atuona,PF,77.67,-9.8,-139.0333,Villa Enata
185,Puerto Ayora,EC,75.54,-0.7393,-90.3518,Finch Bay Galapagos Hotel
186,Hilo,US,78.53,19.7297,-155.09,Hilo Hawaiian Hotel
187,Mataura,NZ,53.47,-46.1927,168.8643,Ellie's Villa
189,Punta Arenas,CL,51.91,-53.15,-70.9167,Hotel Hain
191,Kahului,US,82.42,20.8947,-156.47,Maui Seaside Hotel
192,Portland,US,63.19,45.5234,-122.6762,Embassy Suites by Hilton Portland Downtown
193,Coahuayana,MX,89.08,18.7333,-103.6833,El rranchito michuacan de ocampos
195,Conceicao Do Araguaia,BR,73.62,-8.2578,-49.2647,Tarum√£ Tropical Hotel
196,East London,ZA,75.09,-33.0153,27.9116,Tu Casa
198,Carnarvon,AU,86.07,-24.8667,113.6333,Hospitality Carnarvon
200,Busselton,AU,68.04,-33.65,115.3333,Observatory Guest House
201,Rikitea,PF,78.84,-23.1203,-134.9692,People ThankYou
202,Hermanus,ZA,66.9,-34.4187,19.2345,Misty Waves Boutique Hotel
204,Harper,LR,78.44,4.375,-7.7169,Screensaver
205,Saint-Philippe,RE,78.35,-21.3585,55.7679,"Chambres d'h√¥te ""La Trinit√©"""
206,Vaini,TO,86.16,-21.2,-175.2,Keleti Beach Resort
209,Rikitea,PF,78.84,-23.1203,-134.9692,People ThankYou
210,Rio Grande,BR,72.95,-32.035,-52.0986,Hotel Atl√¢ntico Rio Grande
214,Kruisfontein,ZA,69.76,-34.0033,24.7314,Oyster Bay House Rental
215,Kapaa,US,79.48,22.0752,-159.319,Sheraton Kauai Coconut Beach Resort
216,Aboso,GH,74.79,5.3617,-1.9473,New Atuabo
217,Coihaique,CL,75.81,-45.5752,-72.0662,Diego De Almagro Coyhaique
218,Conceicao Do Araguaia,BR,73.62,-8.2578,-49.2647,Tarum√£ Tropical Hotel
220,Okakarara,,67.44,-20.5833,17.4333,"Okahitua, Omaboro City"
221,Kavieng,PG,82.49,-2.5744,150.7967,Nusa Island Retreat
222,Souillac,MU,77.38,-20.5167,57.5167,Shanti Maurice Resort & Spa
226,Ugoofaaru,MV,81.55,5.6667,73.0,Ungoofaaru Inn
229,East London,ZA,75.09,-33.0153,27.9116,Tu Casa
231,Hermanus,ZA,66.9,-34.4187,19.2345,Misty Waves Boutique Hotel
234,Rikitea,PF,78.84,-23.1203,-134.9692,People ThankYou
235,Coihaique,CL,75.81,-45.5752,-72.0662,Diego De Almagro Coyhaique
237,Cozumel,MX,78.94,20.5083,-86.9458,Cozumel Palace¬Æ All Inclusive Resort
239,Castro,BR,61.39,-24.7911,-50.0119,CHACARA BAILLY
240,Kruisfontein,ZA,69.76,-34.0033,24.7314,Oyster Bay House Rental
241,Geraldton,AU,75.61,-28.7667,114.6,Broadwater Mariner Resort
242,Rikitea,PF,78.84,-23.1203,-134.9692,People ThankYou
244,Castro,BR,61.39,-24.7911,-50.0119,CHACARA BAILLY
245,Santa Vitoria Do Palmar,BR,67.33,-33.5189,-53.3681,Hostel Comodoro
247,Bontang,ID,76.5,0.1333,117.5,KOPKAR Hotel Bintang Sintuk
249,Kapaa,US,79.48,22.0752,-159.319,Sheraton Kauai Coconut Beach Resort
250,Vila Velha,BR,75.94,-20.3297,-40.2925,Quality Suites Vila Velha
251,Atuona,PF,77.67,-9.8,-139.0333,Villa Enata
253,Puerto Padre,CU,78.01,21.195,-76.6028,Casa Villa Vel√°zquez
254,Mar Del Plata,AR,62.87,-38.0023,-57.5575,Gran Hotel Mar del Plata
255,Mar Del Plata,AR,62.87,-38.0023,-57.5575,Gran Hotel Mar del Plata
257,Punta Arenas,CL,51.91,-53.15,-70.9167,Hotel Hain
258,Belmonte,BR,81.1,-15.8631,-38.8828,Pousada Monte Carmelo O P√£o
259,Salalah,OM,73.49,17.0151,54.0924,"HAMDAN PLAZA HOTEL SALALAH, an HTG Hotel"
260,Barentu,ER,63.57,15.1139,37.5928,
262,Atuona,PF,77.67,-9.8,-139.0333,Villa Enata
265,Kapaa,US,79.48,22.0752,-159.319,Sheraton Kauai Coconut Beach Resort
268,Faya,SA,54.12,18.3851,42.4509,ÿßŸÖŸÑÿßŸÉ ÿÆÿßŸÑÿØ ÿßŸÑÿ¥ÿπÿ¥Ÿàÿπ
269,Castro,BR,61.39,-24.7911,-50.0119,CHACARA BAILLY
270,Saldanha,ZA,68.05,-33.0117,17.9442,Blue Bay Lodge
271,Avarua,CK,78.85,-21.2078,-159.775,Paradise Inn
272,Rikitea,PF,78.84,-23.1203,-134.9692,People ThankYou
273,Olinda,BR,83.93,-8.0089,-34.8553,Pousada Sitio Do Carmo
274,Rikitea,PF,78.84,-23.1203,-134.9692,People ThankYou
275,Puerto Escondido,MX,83.23,15.85,-97.0667,Aldea del Bazar Hotel and Spa
277,Dakar,SN,71.73,14.6937,-17.4441,Redface Studios Meubl√©s
278,Rikitea,PF,78.84,-23.1203,-134.9692,People ThankYou
280,Saint-Philippe,RE,78.35,-21.3585,55.7679,"Chambres d'h√¥te ""La Trinit√©"""
281,Hithadhoo,MV,81.19,-0.6,73.0833,Scoop Guest House
282,Bredasdorp,ZA,67.32,-34.5322,20.0403,Bredasdorp Country Manor
286,Geraldton,AU,75.61,-28.7667,114.6,Broadwater Mariner Resort
287,Rio Gallegos,AR,64.45,-51.6226,-69.2181,Hotel Santa Cruz
288,Rikitea,PF,78.84,-23.1203,-134.9692,People ThankYou
290,Rikitea,PF,78.84,-23.1203,-134.9692,People ThankYou
294,Hobart,AU,79.02,-42.8794,147.3294,Mantra on Collins Hobart
296,Bantogon,PH,82.35,6.5333,124.0333,Kalamansig Greenhome
299,Mar Del Plata,AR,62.87,-38.0023,-57.5575,Gran Hotel Mar del Plata
302,Biak,ID,76.41,-0.9131,122.8766,Penginapan Kim
303,Castro,BR,61.39,-24.7911,-50.0119,CHACARA BAILLY
305,Vaini,TO,86.16,-21.2,-175.2,Keleti Beach Resort
307,Saint-Philippe,RE,78.35,-21.3585,55.7679,"Chambres d'h√¥te ""La Trinit√©"""
308,Rikitea,PF,78.84,-23.1203,-134.9692,People ThankYou
309,Atuona,PF,77.67,-9.8,-139.0333,Villa Enata
310,Rabo De Peixe,PT,62.28,37.8,-25.5833,Quinta das Giestas
311,Busselton,AU,68.04,-33.65,115.3333,Observatory Guest House
313,Kuching,MY,75.42,1.55,110.3333,The Ranee Boutique Suites
314,Puerto Ayora,EC,75.54,-0.7393,-90.3518,Finch Bay Galapagos Hotel
315,Ancud,CL,67.53,-41.8697,-73.8203,Hotel Arena Gruesa
316,Vaini,TO,86.16,-21.2,-175.2,Keleti Beach Resort
317,Punta Arenas,CL,51.91,-53.15,-70.9167,Hotel Hain
322,Road Town,VG,73.49,18.4167,-64.6167,"ZINGARA 76ft Catamaran, full crew-all included"
326,Noumea,NC,85.98,-22.2763,166.4572,H√¥tel Le Lagon
328,Kirakira,SB,85.03,-10.4544,161.9205,SanBiz Lodge
329,Rikitea,PF,78.84,-23.1203,-134.9692,People ThankYou
330,Cape Town,ZA,69.89,-33.9258,18.4232,Southern Sun Waterfront Cape Town
331,Hilo,US,78.53,19.7297,-155.09,Hilo Hawaiian Hotel
332,Busselton,AU,68.04,-33.65,115.3333,Observatory Guest House
334,Bluff,NZ,53.8,-46.6,168.3333,Bluff Homestead - Guesthouse & Campervan Park
335,North Bend,US,65.91,43.4065,-124.2243,Red Lion Hotel Coos Bay
336,Richards Bay,ZA,71.04,-28.783,32.0377,BON Hotel Waterfront Richards Bay
337,Bairiki,KI,87.8,1.3292,172.9752,Tarawa Boutique Hotel
338,Bluff,NZ,53.8,-46.6,168.3333,Bluff Homestead - Guesthouse & Campervan Park
342,Port Alfred,ZA,75.36,-33.5906,26.891,The Halyards Hotel
343,Bredasdorp,ZA,67.32,-34.5322,20.0403,Bredasdorp Country Manor
344,Busselton,AU,68.04,-33.65,115.3333,Observatory Guest House
345,El Alto,PE,71.37,-4.2714,-81.2147,Black Marlin Restaurant & Hospedaje
346,Punta Arenas,CL,51.91,-53.15,-70.9167,Hotel Hain
347,Hermanus,ZA,66.9,-34.4187,19.2345,Misty Waves Boutique Hotel
348,Samarai,PG,82.38,-10.6167,150.6667,Nuli Sapi
349,Cabo San Lucas,MX,78.1,22.8909,-109.9124,Hotel Tesoro Los Cabos
350,Maun,BW,67.15,-19.9833,23.4167,Enviro Villa
353,Isangel,VU,86.11,-19.55,169.2667,Tanna Lodge
355,Kaitangata,NZ,55.92,-46.2817,169.8464,Kaitangata Motor Camp
356,Mackay,AU,82.69,-21.15,149.2,International Lodge Motel
357,Punta Arenas,CL,51.91,-53.15,-70.9167,Hotel Hain
358,Olavarria,AR,55.76,-36.8927,-60.3225,Hotel Santa Rosa
360,Progreso,MX,71.71,21.2833,-89.6667,Playa Linda Hotel
362,Codrington,AU,85.75,-38.2667,141.9667,Codrington Gardens Bed And Breakfast
364,Obregon,NI,86.09,11.9566,-85.9636,Hostal Casa Aryen
365,Saint-Philippe,RE,78.35,-21.3585,55.7679,"Chambres d'h√¥te ""La Trinit√©"""
367,Kruisfontein,ZA,69.76,-34.0033,24.7314,Oyster Bay House Rental
368,Busselton,AU,68.04,-33.65,115.3333,Observatory Guest House
369,Hobart,AU,79.02,-42.8794,147.3294,Mantra on Collins Hobart
370,Cape Town,ZA,69.89,-33.9258,18.4232,Southern Sun Waterfront Cape Town
375,New Norfolk,AU,78.66,-42.7826,147.0587,The Shingles Riverside Cottages
377,Soe,ID,74.89,-9.8607,124.284,Dena Hotel
378,San Cristobal,VE,73.58,7.7669,-72.225,Posada Villaven C.A.
379,Carutapera,BR,77.16,-1.195,-46.02,Lidera
381,Atuona,PF,77.67,-9.8,-139.0333,Villa Enata
382,Tuatapere,NZ,53.82,-46.1333,167.6833,Ron and Tony's Bed & Breakfast
383,Muli,MV,80.38,2.9167,73.5667,Medhufushi Island Resort
384,Bredasdorp,ZA,67.32,-34.5322,20.0403,Bredasdorp Country Manor
385,Hermanus,ZA,66.9,-34.4187,19.2345,Misty Waves Boutique Hotel
387,Rikitea,PF,78.84,-23.1203,-134.9692,People ThankYou
391,Arraial Do Cabo,BR,75.07,-22.9661,-42.0278,Pousada Porto Praia
392,Port Macquarie,AU,71.56,-31.4333,152.9167,Rydges Port Macquarie
394,Kyabe,TD,77.29,9.4515,18.9449,
395,Imbituba,BR,76.89,-28.24,-48.6703,Praia Hotel Imbituba
396,Sur,OM,68.18,22.5667,59.5289,Sur Plaza Hotel
399,Panalingaan,PH,82.17,8.7842,117.4231,I Love Panalingaan View Deck
401,Praia,CV,73.94,14.9215,-23.5087,LT Aparthotel
403,Taltal,CL,68.2,-25.4,-70.4833,Residencial Karime
404,Sydney,AU,77.36,-33.8679,151.2073,The Grace Sydney
406,Mataura,NZ,53.47,-46.1927,168.8643,Ellie's Villa
407,Hermanus,ZA,66.9,-34.4187,19.2345,Misty Waves Boutique Hotel
408,Lorengau,PG,82.58,-2.0226,147.2712,Lorengau Harbourside Hotel
409,Kaitangata,NZ,55.92,-46.2817,169.8464,Kaitangata Motor Camp
410,Butaritari,KI,83.08,3.0707,172.7902,Isles Sunset Lodge
412,Cape Town,ZA,69.89,-33.9258,18.4232,Southern Sun Waterfront Cape Town
414,Lompoc,US,82.71,34.6391,-120.4579,"Holiday Inn Express Lompoc, an IHG Hotel"
415,Saldanha,ZA,68.05,-33.0117,17.9442,Blue Bay Lodge
417,Kapaa,US,79.48,22.0752,-159.319,Sheraton Kauai Coconut Beach Resort
418,Port Elizabeth,ZA,70.09,-33.918,25.5701,39 On Nile Guest House
419,Mataura,NZ,53.47,-46.1927,168.8643,Ellie's Villa
421,Mae Ramat,TH,64.72,16.984,98.5166,‡∏ö‡πâ‡∏≤‡∏ô‡πÇ‡∏Æ‡πà‡∏á‡πÇ‡∏Æ‡∏°‡∏™‡πÄ‡∏ï‡∏¢‡πå ‡πÅ‡∏°‡πà‡∏£‡∏∞‡∏°‡∏≤‡∏î ‡∏ï‡∏≤‡∏Å
422,Mataura,NZ,53.47,-46.1927,168.8643,Ellie's Villa
423,Port Alfred,ZA,75.36,-33.5906,26.891,The Halyards Hotel
425,Vaini,TO,86.16,-21.2,-175.2,Keleti Beach Resort
427,Punta Arenas,CL,51.91,-53.15,-70.9167,Hotel Hain
428,East London,ZA,75.09,-33.0153,27.9116,Tu Casa
429,Vaini,TO,86.16,-21.2,-175.2,Keleti Beach Resort
431,Ibra,OM,59.56,22.6906,58.5334,ŸÖÿ≤ÿ±ÿπÿ© ÿ±ÿßÿ≠ÿ© ÿßŸÑŸÜŸÅŸàÿ≥ ÿßŸÑŸÖŸÜÿ≤ŸÅÿ©
432,Lima,PE,72.39,-12.0432,-77.0282,Gran Hotel Bolivar Lima
433,Hobart,AU,79.02,-42.8794,147.3294,Mantra on Collins Hobart
434,Butaritari,KI,83.08,3.0707,172.7902,Isles Sunset Lodge
435,Sechura,PE,74.8,-5.5569,-80.8222,Hospedaje Costa Bella
436,Mayo,US,54.01,38.8876,-76.5119,Resorts Resource Group International
437,Touros,BR,81.5,-5.1989,-35.4608,INN NEW HORIZON
440,Port Elizabeth,ZA,70.09,-33.918,25.5701,39 On Nile Guest House
441,Rikitea,PF,78.84,-23.1203,-134.9692,People ThankYou
443,Inirida,CO,77.16,3.8653,-67.9239,Fuente del Guania Hotel de Lujo
444,Mataura,NZ,53.47,-46.1927,168.8643,Ellie's Villa
445,Nola,IT,53.55,40.922,14.5329,Villa Minieri Eventi
446,Cayenne,GF,78.1,4.9333,-52.3333,H√¥tel Le Dronmi
447,Saint-Philippe,RE,78.35,-21.3585,55.7679,"Chambres d'h√¥te ""La Trinit√©"""
451,Tuatapere,NZ,53.82,-46.1333,167.6833,Ron and Tony's Bed & Breakfast
453,Comodoro Rivadavia,AR,76.86,-45.8667,-67.5,Austral Hotel
454,Namibe,AO,74.34,-15.1961,12.1522,Hotel Chik Chik Namibe
455,Kruisfontein,ZA,69.76,-34.0033,24.7314,Oyster Bay House Rental
456,New Norfolk,AU,78.66,-42.7826,147.0587,The Shingles Riverside Cottages
457,Kapaa,US,79.48,22.0752,-159.319,Sheraton Kauai Coconut Beach Resort
459,New Norfolk,AU,78.66,-42.7826,147.0587,The Shingles Riverside Cottages
460,Mahebourg,MU,77.29,-20.4081,57.7,Shandrani Beachcomber Resort & Spa
461,Hilo,US,78.53,19.7297,-155.09,Hilo Hawaiian Hotel
462,Mataura,NZ,53.47,-46.1927,168.8643,Ellie's Villa
463,Punta Arenas,CL,51.91,-53.15,-70.9167,Hotel Hain
466,Busselton,AU,68.04,-33.65,115.3333,Observatory Guest House
467,Hermanus,ZA,66.9,-34.4187,19.2345,Misty Waves Boutique Hotel
469,Babati,TZ,61.57,-4.2167,35.75,White Rose Lodge
471,Punta Arenas,CL,51.91,-53.15,-70.9167,Hotel Hain
473,Port Macquarie,AU,71.56,-31.4333,152.9167,Rydges Port Macquarie
474,Nedjo,ET,62.15,9.5046,35.5019,Yerosan Hotel
475,Bredasdorp,ZA,67.32,-34.5322,20.0403,Bredasdorp Country Manor
476,Gyanpur,IN,51.75,25.35,82.4667,Shyam Dhar Yadav Shiv dhar Yadav
477,Puerto Ayora,EC,75.54,-0.7393,-90.3518,Finch Bay Galapagos Hotel
478,Mataura,NZ,53.47,-46.1927,168.8643,Ellie's Villa
480,Georgetown,MY,78.89,5.4112,100.3354,Cititel Penang
481,Rikitea,PF,78.84,-23.1203,-134.9692,People ThankYou
483,Soledade,BR,66.99,-28.8183,-52.5103,Pousada Da Gringa
485,Mar Del Plata,AR,62.87,-38.0023,-57.5575,Gran Hotel Mar del Plata
488,Punta Arenas,CL,51.91,-53.15,-70.9167,Hotel Hain
489,Ahipara,NZ,71.1,-35.1667,173.1667,Ahipara Holiday Park
492,Lebu,CL,58.12,-37.6167,-73.65,Hostal Las Lilas
493,Vaini,TO,86.16,-21.2,-175.2,Keleti Beach Resort
494,Hobart,AU,79.02,-42.8794,147.3294,Mantra on Collins Hobart
497,Busselton,AU,68.04,-33.65,115.3333,Observatory Guest House
499,Makakilo City,US,80.35,21.3469,-158.0858,Marriott's Ko Olina Beach Club
500,Gladstone,AU,85.78,-23.85,151.25,Highpoint International Hotel
501,Mar Del Plata,AR,62.87,-38.0023,-57.5575,Gran Hotel Mar del Plata
502,Avarua,CK,78.85,-21.2078,-159.775,Paradise Inn
503,Nago,JP,73.47,26.5881,127.9761,Hotel Yugaf Inn Okinawa
504,Bredasdorp,ZA,67.32,-34.5322,20.0403,Bredasdorp Country Manor
505,Bluff,NZ,53.8,-46.6,168.3333,Bluff Homestead - Guesthouse & Campervan Park
507,Rikitea,PF,78.84,-23.1203,-134.9692,People ThankYou
508,Marsh Harbour,BS,75.07,26.5412,-77.0636,Abaco Beach Resort
509,Port Alfred,ZA,75.36,-33.5906,26.891,The Halyards Hotel
510,Flinders,AU,77.38,-34.5833,150.8552,Shellharbour Resort & Conference Centre
513,Bauchi,NG,63.43,10.5,10.0,
514,Matay,EG,53.37,28.419,30.7792,Nag Aespen
517,Airai,TL,69.82,-8.9266,125.4092,
519,Hithadhoo,MV,81.19,-0.6,73.0833,Scoop Guest House
520,Puerto Ayora,EC,75.54,-0.7393,-90.3518,Finch Bay Galapagos Hotel
521,Coquimbo,CL,65.88,-29.9533,-71.3436,Hostel Del Puerto
524,Victoria,HK,64.94,22.2855,114.1577,Mini Hotel Central
526,Sechura,PE,74.8,-5.5569,-80.8222,Hospedaje Costa Bella
527,Bluff,NZ,53.8,-46.6,168.3333,Bluff Homestead - Guesthouse & Campervan Park
528,Hermanus,ZA,66.9,-34.4187,19.2345,Misty Waves Boutique Hotel
529,Port Elizabeth,ZA,70.09,-33.918,25.5701,39 On Nile Guest House
530,New Norfolk,AU,78.66,-42.7826,147.0587,The Shingles Riverside Cottages
531,Lebu,CL,58.12,-37.6167,-73.65,Hostal Las Lilas
533,Arraial Do Cabo,BR,75.07,-22.9661,-42.0278,Pousada Porto Praia
535,Bandarbeyla,SO,74.19,9.4942,50.8122,JABIR HOTEL
536,Punta Arenas,CL,51.91,-53.15,-70.9167,Hotel Hain
537,Rikitea,PF,78.84,-23.1203,-134.9692,People ThankYou
538,Laguna,US,77.29,38.421,-121.4238,"Holiday Inn Express & Suites Elk Grove Central - Hwy 99, an IHG Hotel"
539,Grahamstown,ZA,70.0,-33.3042,26.5328,Bartholomew's Loft
540,Naberera,TZ,62.92,-4.2,36.9333,
541,Hermanus,ZA,66.9,-34.4187,19.2345,Misty Waves Boutique Hotel
543,Matara,LK,74.93,5.9485,80.5353,Amaloh Boutique Resort
544,Victoria,HK,64.94,22.2855,114.1577,Mini Hotel Central
546,Nushki,PK,52.11,29.5542,66.0215,Shams hotel
547,Hermanus,ZA,66.9,-34.4187,19.2345,Misty Waves Boutique Hotel
549,Taoudenni,ML,61.79,22.6783,-3.9836,
550,Inhambane,MZ,74.5,-23.865,35.3833,Oceano
551,Atuona,PF,77.67,-9.8,-139.0333,Villa Enata
553,Ancud,CL,67.53,-41.8697,-73.8203,Hotel Arena Gruesa
554,Rikitea,PF,78.84,-23.1203,-134.9692,People ThankYou
555,Butaritari,KI,83.08,3.0707,172.7902,Isles Sunset Lodge
556,Najran,SA,59.65,17.4924,44.1277,ŸÖÿ≠ŸÖÿØ ŸáÿßÿØŸä ÿßŸÑ ŸÅÿ∑Ÿäÿ≠
557,Namatanai,PG,84.07,-3.6667,152.4333,Seagulls Inn Namatani
558,Hobart,AU,79.02,-42.8794,147.3294,Mantra on Collins Hobart
559,Port Hedland,AU,80.65,-20.3167,118.5667,"The Esplanade Hotel (Accommodation section closed for refurbishment - Bar, Restaurant & Functions remain open)"
560,Punta Arenas,CL,51.91,-53.15,-70.9167,Hotel Hain
562,Oranjemund,,65.64,-28.55,16.4333,The Fisherman's Cove
563,Souillac,MU,77.38,-20.5167,57.5167,Shanti Maurice Resort & Spa
565,Rikitea,PF,78.84,-23.1203,-134.9692,People ThankYou
568,Bhadasar,IN,60.93,28.2833,74.3167,OMPRAKASH JAKHAR
569,Cayenne,GF,78.1,4.9333,-52.3333,H√¥tel Le Dronmi
571,Portland,US,63.19,45.5234,-122.6762,Embassy Suites by Hilton Portland Downtown
573,Mpwapwa,TZ,64.26,-6.35,36.4833,THE ROYAL LODGE
574,Rikitea,PF,78.84,-23.1203,-134.9692,People ThankYou
575,Carnarvon,AU,86.07,-24.8667,113.6333,Hospitality Carnarvon
579,San Andres,CO,80.62,12.5847,-81.7006,Hotel Arena Blanca
580,Ramon,PH,75.97,16.7842,121.535,May traveller's Inn
581,Mahonda,TZ,78.91,-6.45,39.4667,Karamba Resort
582,Tabuk,PH,75.94,17.4189,121.4443,Golden Berries Hotel and Convention
583,Hithadhoo,MV,81.19,-0.6,73.0833,Scoop Guest House
584,Conceicao Do Araguaia,BR,73.62,-8.2578,-49.2647,Tarum√£ Tropical Hotel
585,Busselton,AU,68.04,-33.65,115.3333,Observatory Guest House
589,Punta Arenas,CL,51.91,-53.15,-70.9167,Hotel Hain
590,Pitimbu,BR,81.19,-7.4706,-34.8086,Reserva do Abia√≠
592,Codrington,AU,85.75,-38.2667,141.9667,Codrington Gardens Bed And Breakfast
595,Hithadhoo,MV,81.19,-0.6,73.0833,Scoop Guest House
596,Alugan,PH,78.62,12.2188,125.4808,JM Lodge
597,Filingue,NE,69.51,14.3521,3.3168,
598,Broken Hill,AU,85.71,-31.95,141.4333,Royal Exchange Hotel
600,East London,ZA,75.09,-33.0153,27.9116,Tu Casa
601,Inirida,CO,77.16,3.8653,-67.9239,Fuente del Guania Hotel de Lujo
602,Jatai,BR,69.15,-17.8814,-51.7144,La Vitre Hotel
603,Hambantota,LK,75.54,6.1241,81.1185,Bungalow 63
605,Hilo,US,78.53,19.7297,-155.09,Hilo Hawaiian Hotel
606,Mar Del Plata,AR,62.87,-38.0023,-57.5575,Gran Hotel Mar del Plata
607,Hilo,US,78.53,19.7297,-155.09,Hilo Hawaiian Hotel
609,Bengkulu,ID,79.07,-3.8004,102.2655,Grage Hotel Bengkulu
610,Busselton,AU,68.04,-33.65,115.3333,Observatory Guest House
611,Sambava,MG,73.15,-14.2667,50.1667,Melrose
612,Cape Town,ZA,69.89,-33.9258,18.4232,Southern Sun Waterfront Cape Town
613,Cape Town,ZA,69.89,-33.9258,18.4232,Southern Sun Waterfront Cape Town
614,Hermanus,ZA,66.9,-34.4187,19.2345,Misty Waves Boutique Hotel
615,Pontianak,ID,75.18,-0.0333,109.3333,Aston Pontianak Hotel & Convention Center
616,Teahupoo,PF,82.36,-17.8333,-149.2667,Vanira Lodge
617,Atuona,PF,77.67,-9.8,-139.0333,Villa Enata
618,Rikitea,PF,78.84,-23.1203,-134.9692,People ThankYou
619,Isangel,VU,86.11,-19.55,169.2667,Tanna Lodge
620,Atuona,PF,77.67,-9.8,-139.0333,Villa Enata
621,Bredasdorp,ZA,67.32,-34.5322,20.0403,Bredasdorp Country Manor
622,Ginir,ET,57.27,7.1333,40.7,Sura Dare Village
623,Ancud,CL,67.53,-41.8697,-73.8203,Hotel Arena Gruesa
624,Kahului,US,82.42,20.8947,-156.47,Maui Seaside Hotel
626,Avarua,CK,78.85,-21.2078,-159.775,Paradise Inn
628,Mataura,NZ,53.47,-46.1927,168.8643,Ellie's Villa
632,Punta Arenas,CL,51.91,-53.15,-70.9167,Hotel Hain
633,Kaitangata,NZ,55.92,-46.2817,169.8464,Kaitangata Motor Camp
634,Lebu,CL,58.12,-37.6167,-73.65,Hostal Las Lilas
635,Quatre Cocos,MU,77.11,-20.2078,57.7625,Sunrise Attitude Hotel
636,Kokoda,PG,81.18,-8.8785,147.7407,Daito Guest House
637,Avarua,CK,78.85,-21.2078,-159.775,Paradise Inn
640,Hilo,US,78.53,19.7297,-155.09,Hilo Hawaiian Hotel
642,Rikitea,PF,78.84,-23.1203,-134.9692,People ThankYou
643,Pedasi,PA,76.06,7.5333,-80.0333,Selina Pedasi
644,Virginia Beach,US,62.65,36.8529,-75.978,Hilton Virginia Beach Oceanfront
645,Puerto Ayora,EC,75.54,-0.7393,-90.3518,Finch Bay Galapagos Hotel
646,Kaitangata,NZ,55.92,-46.2817,169.8464,Kaitangata Motor Camp
647,Vanimo,PG,82.85,-2.6741,141.3028,Vahmoneh Lodge Vanimo
649,Port Alfred,ZA,75.36,-33.5906,26.891,The Halyards Hotel
651,Gualaceo,EC,62.26,-2.9,-78.7833,Arhan√° Hosteria Resort
653,Cap Malheureux,MU,77.49,-19.9842,57.6142,Pereybere Hotel & Spa
655,Mananjary,MG,73.17,-21.2167,48.3333,Vahiny Lodge
656,Vaini,TO,86.16,-21.2,-175.2,Keleti Beach Resort
658,Puerto Ayora,EC,75.54,-0.7393,-90.3518,Finch Bay Galapagos Hotel
659,Avarua,CK,78.85,-21.2078,-159.775,Paradise Inn
660,Chuy,UY,67.42,-33.6971,-53.4616,Nuevo Hotel Plaza
661,East London,ZA,75.09,-33.0153,27.9116,Tu Casa
663,Santa Cruz De Tenerife,ES,65.71,28.4682,-16.2546,Hotel Silken Atl√°ntida Santa Cruz
664,Souillac,MU,77.38,-20.5167,57.5167,Shanti Maurice Resort & Spa
666,Butaritari,KI,83.08,3.0707,172.7902,Isles Sunset Lodge
667,Bredasdorp,ZA,67.32,-34.5322,20.0403,Bredasdorp Country Manor
668,Punta Arenas,CL,51.91,-53.15,-70.9167,Hotel Hain
670,Bredasdorp,ZA,67.32,-34.5322,20.0403,Bredasdorp Country Manor
671,Ponta Do Sol,PT,63.23,32.6667,-17.1,Hotel do Campo
672,Avarua,CK,78.85,-21.2078,-159.775,Paradise Inn
673,Kavieng,PG,82.49,-2.5744,150.7967,Nusa Island Retreat
674,Hilo,US,78.53,19.7297,-155.09,Hilo Hawaiian Hotel
675,Busselton,AU,68.04,-33.65,115.3333,Observatory Guest House
676,Cidreira,BR,74.37,-30.1811,-50.2056,Hotel Castelo
677,Veraval,IN,67.33,20.9,70.3667,Lords Inn Somnath
681,San Patricio,US,53.58,28.017,-97.5169,"Motel 6 Sinton, TX"
683,Busselton,AU,68.04,-33.65,115.3333,Observatory Guest House
684,Puerto Ayora,EC,75.54,-0.7393,-90.3518,Finch Bay Galapagos Hotel
685,Mattru,SL,72.5,7.6244,-11.8332,"Mondkor Town, Bagbo Chiefdom, Bo District"
688,Hithadhoo,MV,81.19,-0.6,73.0833,Scoop Guest House
689,Hobart,AU,79.02,-42.8794,147.3294,Mantra on Collins Hobart
691,Kavaratti,IN,80.56,10.5669,72.642,Hotels in Lakshadweep Islands
692,Vaini,TO,86.16,-21.2,-175.2,Keleti Beach Resort
693,New Norfolk,AU,78.66,-42.7826,147.0587,The Shingles Riverside Cottages
694,Rikitea,PF,78.84,-23.1203,-134.9692,People ThankYou
695,Necochea,AR,57.04,-38.5473,-58.7368,dyd -mar Hotel
696,East London,ZA,75.09,-33.0153,27.9116,Tu Casa
698,Brasilia De Minas,BR,67.5,-16.2064,-44.4333,Hotel Neris
699,Atuona,PF,77.67,-9.8,-139.0333,Villa Enata
700,Fuerte Olimpo,PY,75.74,-21.0415,-57.8738,Hospedaje DAMI
701,Lagoa,PT,60.75,39.05,-27.9833,Casa Das Faias
703,Puerto Ayora,EC,75.54,-0.7393,-90.3518,Finch Bay Galapagos Hotel
704,Puerto Ayora,EC,75.54,-0.7393,-90.3518,Finch Bay Galapagos Hotel
705,Busselton,AU,68.04,-33.65,115.3333,Observatory Guest House
706,Maldonado,UY,63.23,-34.6667,-54.9167,La Cimarrona
707,Chuy,UY,67.42,-33.6971,-53.4616,Nuevo Hotel Plaza
708,Banjar,ID,84.06,-8.19,114.9675,The Hamsa Resort
710,Richards Bay,ZA,71.04,-28.783,32.0377,BON Hotel Waterfront Richards Bay
714,Rikitea,PF,78.84,-23.1203,-134.9692,People ThankYou
715,Saint George,US,66.79,37.1041,-113.5841,Best Western Plus Abbey Inn
716,Mareeba,AU,83.44,-17.0,145.4333,Trinity Plains Tourist Park
719,Hermanus,ZA,66.9,-34.4187,19.2345,Misty Waves Boutique Hotel
720,Salinopolis,BR,78.3,-0.6136,-47.3561,Salinas Park Resort Ma√ßarico AP101
721,Bundaberg,AU,83.21,-24.85,152.35,Takalvan Motel
724,Punta Arenas,CL,51.91,-53.15,-70.9167,Hotel Hain
726,Hobart,AU,79.02,-42.8794,147.3294,Mantra on Collins Hobart
727,Dhaka,BD,62.58,23.7104,90.4074,Main Hostel SSMC
728,Honiara,SB,85.41,-9.4333,159.95,Heritage Park Hotel
729,Hobart,AU,79.02,-42.8794,147.3294,Mantra on Collins Hobart
730,Merauke,ID,84.78,-8.4667,140.3333,
731,Kapaa,US,79.48,22.0752,-159.319,Sheraton Kauai Coconut Beach Resort
732,Sterling,US,54.46,39.0062,-77.4286,Hampton Inn & Suites Washington-Dulles International Airport
733,Oranjestad,AW,80.55,12.524,-70.027,Divi Village Golf & Beach Resort
734,Hobart,AU,79.02,-42.8794,147.3294,Mantra on Collins Hobart
737,Finschhafen,PG,82.87,-6.6024,147.8681,Cossam Guest House
738,Punta Arenas,CL,51.91,-53.15,-70.9167,Hotel Hain
739,Kapaa,US,79.48,22.0752,-159.319,Sheraton Kauai Coconut Beach Resort
741,Bluff,NZ,53.8,-46.6,168.3333,Bluff Homestead - Guesthouse & Campervan Park
742,Puerto Ayora,EC,75.54,-0.7393,-90.3518,Finch Bay Galapagos Hotel
744,Vaini,TO,86.16,-21.2,-175.2,Keleti Beach Resort
745,Punta Arenas,CL,51.91,-53.15,-70.9167,Hotel Hain
746,New Norfolk,AU,78.66,-42.7826,147.0587,The Shingles Riverside Cottages
747,Coquimbo,CL,65.88,-29.9533,-71.3436,Hostel Del Puerto
750,Cidreira,BR,74.37,-30.1811,-50.2056,Hotel Castelo
752,Na Klang,TH,75.79,17.3072,102.1889,‡∏™‡∏ö‡∏≤‡∏¢‡∏î‡∏µ ‡∏£‡∏µ‡∏™‡∏≠‡∏£‡πå‡∏ó (‡∏≠.‡∏ô‡∏≤‡∏Å‡∏•‡∏≤‡∏á ‡∏à.‡∏´‡∏ô‡∏≠‡∏á‡∏ö‡∏±‡∏ß‡∏•‡∏≥‡∏†‡∏π)
756,Mataura,NZ,53.47,-46.1927,168.8643,Ellie's Villa
757,Vaini,TO,86.16,-21.2,-175.2,Keleti Beach Resort
758,Lebu,CL,58.12,-37.6167,-73.65,Hostal Las Lilas
759,Avarua,CK,78.85,-21.2078,-159.775,Paradise Inn
761,Busselton,AU,68.04,-33.65,115.3333,Observatory Guest House
762,Hermanus,ZA,66.9,-34.4187,19.2345,Misty Waves Boutique Hotel
763,San Cristobal,VE,73.58,7.7669,-72.225,Posada Villaven C.A.
765,Bethel,US,50.36,41.3712,-73.414,Courtyard by Marriott Danbury
767,Hermanus,ZA,66.9,-34.4187,19.2345,Misty Waves Boutique Hotel
768,Kaitangata,NZ,55.92,-46.2817,169.8464,Kaitangata Motor Camp
770,Rikitea,PF,78.84,-23.1203,-134.9692,People ThankYou
771,Porto Novo,BJ,82.22,6.4965,2.6036,Tour Eiffel Hotel Benin
772,Northam,GB,50.41,51.0333,-4.2167,Durrant House Hotel
773,Lorengau,PG,82.58,-2.0226,147.2712,Lorengau Harbourside Hotel
777,Mareeba,AU,83.44,-17.0,145.4333,Trinity Plains Tourist Park
778,Georgetown,MY,78.89,5.4112,100.3354,Cititel Penang
779,Rikitea,PF,78.84,-23.1203,-134.9692,People ThankYou
780,Namatanai,PG,84.07,-3.6667,152.4333,Seagulls Inn Namatani
781,Bhatkal,IN,74.21,13.9667,74.5667,Nilawar Palace
782,Lebu,CL,58.12,-37.6167,-73.65,Hostal Las Lilas
784,Newport,GB,50.86,51.5877,-2.9984,ibis budget Newport
786,Mataura,NZ,53.47,-46.1927,168.8643,Ellie's Villa
787,Cao Bang,VN,54.75,22.6667,106.25,kh√°ch s·∫°n 88
789,Rikitea,PF,78.84,-23.1203,-134.9692,People ThankYou
790,Bluff,NZ,53.8,-46.6,168.3333,Bluff Homestead - Guesthouse & Campervan Park
795,Hobart,AU,79.02,-42.8794,147.3294,Mantra on Collins Hobart
797,Rikitea,PF,78.84,-23.1203,-134.9692,People ThankYou
798,Butaritari,KI,83.08,3.0707,172.7902,Isles Sunset Lodge
801,Poum,NC,81.7,-20.2333,164.0167,
802,Kapaa,US,79.48,22.0752,-159.319,Sheraton Kauai Coconut Beach Resort
804,Bethel,US,50.36,41.3712,-73.414,Courtyard by Marriott Danbury
807,Ler,SS,76.42,8.3018,30.1418,
809,Pacific Grove,US,82.8,36.6177,-121.9166,Lovers Point Inn
811,Laguna,US,77.29,38.421,-121.4238,"Holiday Inn Express & Suites Elk Grove Central - Hwy 99, an IHG Hotel"
812,Mehran,IR,58.48,33.1222,46.1646,ÿ®Ÿàÿ™€å⁄© ÿ≤ŸÜÿßŸÜŸá ÿ®Ÿáÿßÿ±
813,El Tigre,VE,77.74,8.8875,-64.2454,Hotel Santa Cruz
815,Mataura,NZ,53.47,-46.1927,168.8643,Ellie's Villa
816,Dingle,PH,81.46,10.9995,122.6711,SEGAYA PROPERTY
817,Pauini,BR,75.27,-7.7136,-66.9764,Casa do Kiwliks
818,Cabo San Lucas,MX,78.1,22.8909,-109.9124,Hotel Tesoro Los Cabos
819,Arraial Do Cabo,BR,75.07,-22.9661,-42.0278,Pousada Porto Praia
820,Parana,AR,67.57,-31.732,-60.5238,Howard Johnson by Wyndham Plaza Hotel Mayorazgo
824,Codrington,AU,85.75,-38.2667,141.9667,Codrington Gardens Bed And Breakfast
825,Cairns,AU,88.07,-16.9167,145.7667,Mantra Trilogy Cairns
828,Daru,PG,83.55,-9.0763,143.2092,Daru Lodge
829,Bambous Virieux,MU,77.25,-20.3428,57.7575,Casa Tia Villa
830,Bonito,BR,82.13,-21.1211,-56.4819,Marru√° Hotel
831,Kapaa,US,79.48,22.0752,-159.319,Sheraton Kauai Coconut Beach Resort
832,Cabedelo,BR,81.27,-6.9811,-34.8339,Hotel Pigalle
833,Bandarbeyla,SO,74.19,9.4942,50.8122,JABIR HOTEL
836,Coquimbo,CL,65.88,-29.9533,-71.3436,Hostel Del Puerto
837,Saurimo,AO,62.8,-9.6608,20.3916,Hotel Kawissa Saurimo
838,Ribeira Grande,PT,61.57,38.5167,-28.7,Quinta da Meia Eira
839,Waipawa,NZ,52.43,-41.4122,175.5153,Tora Coastal Walk
840,Bredasdorp,ZA,67.32,-34.5322,20.0403,Bredasdorp Country Manor
841,Belmonte,BR,81.1,-15.8631,-38.8828,Pousada Monte Carmelo O P√£o
842,Hobart,AU,79.02,-42.8794,147.3294,Mantra on Collins Hobart
843,Cabo San Lucas,MX,78.1,22.8909,-109.9124,Hotel Tesoro Los Cabos
846,Avanigadda,IN,71.74,16.0215,80.9181,AP Camping
847,Rikitea,PF,78.84,-23.1203,-134.9692,People ThankYou
848,Bambari,CF,77.59,5.768,20.6757,Hotel-Restaurant BIBICH
849,Geraldton,AU,75.61,-28.7667,114.6,Broadwater Mariner Resort
852,Kyaikto,MM,66.79,17.3,97.0167,·Äî·ÄÆ·Äú·Ä¨ ·Äê·Ää·Ä∫·Ä∏·ÄÅ·Ä≠·ÄØ·ÄÅ·Äî·Ä∫·Ä∏
854,Saldanha,ZA,68.05,-33.0117,17.9442,Blue Bay Lodge
857,Puerto Ayora,EC,75.54,-0.7393,-90.3518,Finch Bay Galapagos Hotel
859,Meulaboh,ID,77.14,4.1363,96.1285,Kost Pria
860,Durban,ZA,76.93,-29.8579,31.0292,Hilton Durban
862,Abha,SA,53.85,18.2164,42.5053,Abha Hotel
863,Saint-Philippe,RE,78.35,-21.3585,55.7679,"Chambres d'h√¥te ""La Trinit√©"""
864,Bredasdorp,ZA,67.32,-34.5322,20.0403,Bredasdorp Country Manor
865,Nelson Bay,AU,75.29,-32.7167,152.15,Mantra Nelson Bay
867,Tuatapere,NZ,53.82,-46.1333,167.6833,Ron and Tony's Bed & Breakfast
868,Punta Arenas,CL,51.91,-53.15,-70.9167,Hotel Hain
869,General Roca,AR,81.0,-39.0333,-67.5833,Hotel y Casino del R√≠o General Roca
870,Cape Town,ZA,69.89,-33.9258,18.4232,Southern Sun Waterfront Cape Town
873,Hermanus,ZA,66.9,-34.4187,19.2345,Misty Waves Boutique Hotel
875,Esperance,AU,66.04,-33.8667,121.9,Hospitality Esperance
876,Namatanai,PG,84.07,-3.6667,152.4333,Seagulls Inn Namatani
877,Kapaa,US,79.48,22.0752,-159.319,Sheraton Kauai Coconut Beach Resort
878,Pong,TH,66.99,19.1493,100.2752,999 Hotel
880,Kralendijk,BQ,78.78,12.15,-68.2667,Divi Flamingo Beach Resort & Casino
882,Bredasdorp,ZA,67.32,-34.5322,20.0403,Bredasdorp Country Manor
884,Pemangkat,ID,78.22,1.1667,108.9667,Ramah Kost KITA
885,Busselton,AU,68.04,-33.65,115.3333,Observatory Guest House
888,Cabo San Lucas,MX,78.1,22.8909,-109.9124,Hotel Tesoro Los Cabos
889,Vaini,TO,86.16,-21.2,-175.2,Keleti Beach Resort
890,Codrington,AU,85.75,-38.2667,141.9667,Codrington Gardens Bed And Breakfast
891,Atuona,PF,77.67,-9.8,-139.0333,Villa Enata
892,Yumbe,UG,73.6,3.4651,31.2469,Antonio's Hotel
894,New Norfolk,AU,78.66,-42.7826,147.0587,The Shingles Riverside Cottages
895,Belmonte,BR,81.1,-15.8631,-38.8828,Pousada Monte Carmelo O P√£o
896,Butaritari,KI,83.08,3.0707,172.7902,Isles Sunset Lodge
897,Sao Filipe,CV,77.52,14.8961,-24.4956,Hotel Xaguate
898,Waipawa,NZ,52.43,-41.4122,175.5153,Tora Coastal Walk
899,Bandarbeyla,SO,74.19,9.4942,50.8122,JABIR HOTEL
901,East London,ZA,75.09,-33.0153,27.9116,Tu Casa
902,Rikitea,PF,78.84,-23.1203,-134.9692,People ThankYou
903,Rock Sound,BS,76.5,24.9,-76.2,Pink Corral Bay Property
905,Alofi,NU,85.89,-19.0595,-169.9187,Taloa Heights
907,Tumpat,MY,78.93,6.1978,102.171,Baan Tanyong B&B
909,Bluff,NZ,53.8,-46.6,168.3333,Bluff Homestead - Guesthouse & Campervan Park
910,Cape Town,ZA,69.89,-33.9258,18.4232,Southern Sun Waterfront Cape Town
912,Tomatlan,MX,74.64,19.9333,-105.25,El Salvial
913,Port Alfred,ZA,75.36,-33.5906,26.891,The Halyards Hotel
914,Martapura,ID,80.69,-3.4167,114.85,Montana Hotel Syariah
915,Takoradi,GH,78.21,4.8845,-1.7554,Raybow International Hotel
916,Rikitea,PF,78.84,-23.1203,-134.9692,People ThankYou
918,Busselton,AU,68.04,-33.65,115.3333,Observatory Guest House
920,Kahului,US,82.42,20.8947,-156.47,Maui Seaside Hotel
921,Port Alfred,ZA,75.36,-33.5906,26.891,The Halyards Hotel
922,Bluff,NZ,53.8,-46.6,168.3333,Bluff Homestead - Guesthouse & Campervan Park
923,Hermanus,ZA,66.9,-34.4187,19.2345,Misty Waves Boutique Hotel
925,Camacha,PT,59.76,33.0833,-16.3333,Hotel Porto Santo & Spa
926,Marrakesh,MA,55.47,31.6315,-8.0083,Novotel Marrakech Hivernage
928,Busselton,AU,68.04,-33.65,115.3333,Observatory Guest House
931,Rikitea,PF,78.84,-23.1203,-134.9692,People ThankYou
932,San Patricio,US,53.58,28.017,-97.5169,"Motel 6 Sinton, TX"
933,Bengkulu,ID,79.07,-3.8004,102.2655,Grage Hotel Bengkulu
934,Georgetown,MY,78.89,5.4112,100.3354,Cititel Penang
937,Bengkulu,ID,79.07,-3.8004,102.2655,Grage Hotel Bengkulu
938,Hermanus,ZA,66.9,-34.4187,19.2345,Misty Waves Boutique Hotel
939,Lebu,CL,58.12,-37.6167,-73.65,Hostal Las Lilas
940,Bethel,US,50.36,41.3712,-73.414,Courtyard by Marriott Danbury
941,Butaritari,KI,83.08,3.0707,172.7902,Isles Sunset Lodge
942,Campos,BR,72.36,-21.75,-41.3,Palace Hotel - Campos dos Goytacazes
943,Lebu,CL,58.12,-37.6167,-73.65,Hostal Las Lilas
945,Hermanus,ZA,66.9,-34.4187,19.2345,Misty Waves Boutique Hotel
946,Tomohon,ID,68.94,1.3346,124.8392,Gardenia Country Inn
947,Rabo De Peixe,PT,62.28,37.8,-25.5833,Quinta das Giestas
948,Bredasdorp,ZA,67.32,-34.5322,20.0403,Bredasdorp Country Manor
949,Ahipara,NZ,71.1,-35.1667,173.1667,Ahipara Holiday Park
951,Broken Hill,AU,85.71,-31.95,141.4333,Royal Exchange Hotel
952,Hobart,AU,79.02,-42.8794,147.3294,Mantra on Collins Hobart
953,Busselton,AU,68.04,-33.65,115.3333,Observatory Guest House
955,Atar,MR,65.32,20.5169,-13.0499,Oumou Elghoura
956,Georgetown,MY,78.89,5.4112,100.3354,Cititel Penang
957,San Ignacio,BZ,73.15,17.1561,-89.0714,Rainforest Haven Inn
959,Mackay,AU,82.69,-21.15,149.2,International Lodge Motel
960,Broken Hill,AU,85.71,-31.95,141.4333,Royal Exchange Hotel
961,Saint-Philippe,RE,78.35,-21.3585,55.7679,"Chambres d'h√¥te ""La Trinit√©"""
962,Hobart,AU,79.02,-42.8794,147.3294,Mantra on Collins Hobart
963,Castro,BR,61.39,-24.7911,-50.0119,CHACARA BAILLY
964,Vaini,TO,86.16,-21.2,-175.2,Keleti Beach Resort
967,Busselton,AU,68.04,-33.65,115.3333,Observatory Guest House
970,Rikitea,PF,78.84,-23.1203,-134.9692,People ThankYou
971,Mataura,NZ,53.47,-46.1927,168.8643,Ellie's Villa
972,Mar Del Plata,AR,62.87,-38.0023,-57.5575,Gran Hotel Mar del Plata
974,Bluff,NZ,53.8,-46.6,168.3333,Bluff Homestead - Guesthouse & Campervan Park
975,Mataura,NZ,53.47,-46.1927,168.8643,Ellie's Villa
978,Mataura,NZ,53.47,-46.1927,168.8643,Ellie's Villa
979,Barra,BR,73.17,-11.0894,-43.1417,Motel Albatroz
980,Souillac,MU,77.38,-20.5167,57.5167,Shanti Maurice Resort & Spa
981,Merauke,ID,84.78,-8.4667,140.3333,
982,Rikitea,PF,78.84,-23.1203,-134.9692,People ThankYou
983,Paso Blanco,PA,82.02,9.1333,-79.2333,Urbanizacion Villas de Tanara
985,Sindos,GR,53.49,40.6704,22.8055,Hotel Alexandros
990,Male,MV,80.55,4.1748,73.5089,Hotel Octave Maldives
991,Abu Dhabi,AE,69.82,24.4667,54.3667,Ramee Garden Hotel Apartments
992,Mar Del Plata,AR,62.87,-38.0023,-57.5575,Gran Hotel Mar del Plata
993,Ponta Do Sol,PT,63.23,32.6667,-17.1,Hotel do Campo
996,Punta Arenas,CL,51.91,-53.15,-70.9167,Hotel Hain
997,Jacareacanga,BR,73.8,-6.2222,-57.7528,Casa do Ianüòé
998,New Norfolk,AU,78.66,-42.7826,147.0587,The Shingles Riverside Cottages
999,Port Lincoln,AU,78.35,-34.7333,135.8667,Port Lincoln Hotel
1001,Ambulu,ID,77.85,-8.345,113.6058,Hotel Ambulu Jember
1003,Kwakoa,TZ,69.28,-3.7667,37.7167,MJI Mwema Lodge
1004,Busselton,AU,68.04,-33.65,115.3333,Observatory Guest House
1005,Jackson,US,71.47,42.4165,-122.8345,Agate Village Apartments
1007,San Policarpo,PH,78.93,12.1791,125.5072,Agapita M. Nicart
1012,Hobart,AU,79.02,-42.8794,147.3294,Mantra on Collins Hobart
1014,Awjilah,LY,52.83,29.1081,21.2869,ÿßŸÑŸÖŸÜÿ≤ŸÑ
1015,Matara,LK,74.93,5.9485,80.5353,Amaloh Boutique Resort
1016,Bethel,US,50.36,41.3712,-73.414,Courtyard by Marriott Danbury
1017,Laguna,US,77.29,38.421,-121.4238,"Holiday Inn Express & Suites Elk Grove Central - Hwy 99, an IHG Hotel"
1018,Castro,BR,61.39,-24.7911,-50.0119,CHACARA BAILLY
1020,Mar Del Plata,AR,62.87,-38.0023,-57.5575,Gran Hotel Mar del Plata
1021,Banjar,ID,84.06,-8.19,114.9675,The Hamsa Resort
1023,Hithadhoo,MV,81.19,-0.6,73.0833,Scoop Guest House
1024,Karratha,AU,90.01,-20.7377,116.8463,ibis Styles Karratha
1025,Amapa,BR,72.41,1.0,-52.0,
1026,Arraial Do Cabo,BR,75.07,-22.9661,-42.0278,Pousada Porto Praia
1027,Puerto Ayora,EC,75.54,-0.7393,-90.3518,Finch Bay Galapagos Hotel
1028,Atuona,PF,77.67,-9.8,-139.0333,Villa Enata
1029,Anahuac,MX,57.56,27.2333,-100.15,HOTEL SAN FELIPE
1030,Rikitea,PF,78.84,-23.1203,-134.9692,People ThankYou
1032,Sechura,PE,74.8,-5.5569,-80.8222,Hospedaje Costa Bella
1033,Bacolod,PH,82.83,10.6667,122.95,Planta Hotel & Residences
1034,Cobija,BO,73.15,-11.0267,-68.7692,Hotel Obelisco
1036,Bethel,US,50.36,41.3712,-73.414,Courtyard by Marriott Danbury
1037,Mataura,NZ,53.47,-46.1927,168.8643,Ellie's Villa
1040,Sigli,ID,79.14,5.3848,95.9609,Losmen Dua Mali
1042,Hermanus,ZA,66.9,-34.4187,19.2345,Misty Waves Boutique Hotel
1043,Nhulunbuy,AU,88.41,-12.2333,136.7667,East Arnhem Real Estate
1044,Sao Gabriel,BR,70.2,-30.3364,-54.32,Hotel Obino S√£o Gabriel
1045,Bagamoyo,TZ,78.78,-6.4333,38.9,Be Swahilid B and B
1047,Port Alfred,ZA,75.36,-33.5906,26.891,The Halyards Hotel
1048,Esperance,AU,66.04,-33.8667,121.9,Hospitality Esperance
1049,Christchurch,NZ,54.91,-43.5333,172.6333,The George
1051,Hithadhoo,MV,81.19,-0.6,73.0833,Scoop Guest House
1053,Rikitea,PF,78.84,-23.1203,-134.9692,People ThankYou
1055,Hermanus,ZA,66.9,-34.4187,19.2345,Misty Waves Boutique Hotel
1056,Bambous Virieux,MU,77.25,-20.3428,57.7575,Casa Tia Villa
1057,Kavieng,PG,82.49,-2.5744,150.7967,Nusa Island Retreat
1058,Bataipora,BR,73.94,-22.2953,-53.2711,Hotel Vale do Ivinhema
1059,Mahibadhoo,MV,80.11,3.7833,72.9667,Omadhoo Inn
1060,Chake Chake,TZ,75.94,-5.2459,39.7666,Hotel Archipelago
1061,Mattru,SL,72.5,7.6244,-11.8332,"Mondkor Town, Bagbo Chiefdom, Bo District"
1069,Gat,IL,54.39,31.61,34.7642,OlusHome
1070,Umm Kaddadah,SD,58.06,13.6017,26.6876,
1071,Mataura,NZ,53.47,-46.1927,168.8643,Ellie's Villa
1072,Mar Del Plata,AR,62.87,-38.0023,-57.5575,Gran Hotel Mar del Plata
1073,Kipini,KE,77.29,-2.5257,40.5262,Delta Sea Mall
1074,Carnarvon,AU,86.07,-24.8667,113.6333,Hospitality Carnarvon
1076,Kapaa,US,79.48,22.0752,-159.319,Sheraton Kauai Coconut Beach Resort
1077,Ratnagiri,IN,72.45,16.9833,73.3,Hotel Landmark
1079,Mataura,NZ,53.47,-46.1927,168.8643,Ellie's Villa
1080,Dunedin,NZ,54.81,-45.8742,170.5036,Scenic Hotel Southern Cross
1081,Hermanus,ZA,66.9,-34.4187,19.2345,Misty Waves Boutique Hotel
1083,Byron Bay,AU,78.75,-28.65,153.6167,Backpackers Inn
1084,Malatap,PH,76.64,14.1871,122.5119,"Tigbinan Sapa, Ulan Ulan Falls"
1085,Bredasdorp,ZA,67.32,-34.5322,20.0403,Bredasdorp Country Manor
1086,Mar Del Plata,AR,62.87,-38.0023,-57.5575,Gran Hotel Mar del Plata
1087,East London,ZA,75.09,-33.0153,27.9116,Tu Casa
1088,Kapaa,US,79.48,22.0752,-159.319,Sheraton Kauai Coconut Beach Resort
1089,Hermanus,ZA,66.9,-34.4187,19.2345,Misty Waves Boutique Hotel
1092,Celestun,MX,74.77,20.8667,-90.4,Posada Lilia
1094,Alta Floresta,BR,70.68,-9.8756,-56.0861,Floresta Amazonica Hotel
1095,Mataura,NZ,53.47,-46.1927,168.8643,Ellie's Villa
1100,Constitucion,CL,59.47,-35.3333,-72.4167,Hotel Boutique Las Azucenas
1101,Coahuayana,MX,89.08,18.7333,-103.6833,El rranchito michuacan de ocampos
1102,Rikitea,PF,78.84,-23.1203,-134.9692,People ThankYou
1103,Bluff,NZ,53.8,-46.6,168.3333,Bluff Homestead - Guesthouse & Campervan Park
1106,Hobart,AU,79.02,-42.8794,147.3294,Mantra on Collins Hobart
1108,Puerto Ayora,EC,75.54,-0.7393,-90.3518,Finch Bay Galapagos Hotel
1109,Bluff,NZ,53.8,-46.6,168.3333,Bluff Homestead - Guesthouse & Campervan Park
1111,Kapaa,US,79.48,22.0752,-159.319,Sheraton Kauai Coconut Beach Resort
1112,Luanda,AO,76.12,-8.8368,13.2343,Hotel F√≥rum
1113,Arraial Do Cabo,BR,75.07,-22.9661,-42.0278,Pousada Porto Praia
1115,Sambava,MG,73.15,-14.2667,50.1667,Melrose
1116,Rikitea,PF,78.84,-23.1203,-134.9692,People ThankYou
1117,Chuy,UY,67.42,-33.6971,-53.4616,Nuevo Hotel Plaza
1118,Migori,KE,62.11,-1.0634,34.4731,"Calabash Hotel, Migori"
1120,Rio De Jesus,PA,77.38,7.9844,-81.1631,Parador fotografico Rio de Jesus
1122,Bredasdorp,ZA,67.32,-34.5322,20.0403,Bredasdorp Country Manor
1126,San Patricio,US,53.58,28.017,-97.5169,"Motel 6 Sinton, TX"
1128,New Norfolk,AU,78.66,-42.7826,147.0587,The Shingles Riverside Cottages
1130,Kavieng,PG,82.49,-2.5744,150.7967,Nusa Island Retreat
1132,Avarua,CK,78.85,-21.2078,-159.775,Paradise Inn
1134,Puerto Ayora,EC,75.54,-0.7393,-90.3518,Finch Bay Galapagos Hotel
1135,Hobart,AU,79.02,-42.8794,147.3294,Mantra on Collins Hobart
1136,Hermanus,ZA,66.9,-34.4187,19.2345,Misty Waves Boutique Hotel
1138,San Pedro,PH,84.34,14.35,121.0167,Villa Veronica Resort Private Pool
1139,Bathsheba,BB,77.61,13.2167,-59.5167,Atlantis Hotel
1143,Alto Araguaia,BR,70.61,-17.3147,-53.2153,Araguaia Palace Hotel
1144,Arraial Do Cabo,BR,75.07,-22.9661,-42.0278,Pousada Porto Praia
1146,Tuatapere,NZ,53.82,-46.1333,167.6833,Ron and Tony's Bed & Breakfast
1150,Atuona,PF,77.67,-9.8,-139.0333,Villa Enata
1151,Mahebourg,MU,77.29,-20.4081,57.7,Shandrani Beachcomber Resort & Spa
1152,Mora,CM,68.56,11.0461,14.1401,Hotel Emergence
1153,Hermanus,ZA,66.9,-34.4187,19.2345,Misty Waves Boutique Hotel
1155,Busselton,AU,68.04,-33.65,115.3333,Observatory Guest House
1158,Saint-Paul,RE,78.89,-21.0096,55.2707,Boucan Canot
1161,Port Alfred,ZA,75.36,-33.5906,26.891,The Halyards Hotel
1162,Negombo,LK,73.45,7.2083,79.8358,Hotel Sunset Beach
1163,Rikitea,PF,78.84,-23.1203,-134.9692,People ThankYou
1164,Vaini,TO,86.16,-21.2,-175.2,Keleti Beach Resort
1165,Alice Springs,AU,83.75,-23.7,133.8833,Desert Palms Alice Springs
1169,New Norfolk,AU,78.66,-42.7826,147.0587,The Shingles Riverside Cottages
1170,Port Alfred,ZA,75.36,-33.5906,26.891,The Halyards Hotel
1171,Mataura,NZ,53.47,-46.1927,168.8643,Ellie's Villa
1173,Vanimo,PG,82.85,-2.6741,141.3028,Vahmoneh Lodge Vanimo
1174,Iralaya,HN,78.89,15.0,-83.2333,Iglesia morava renovada
1175,Avarua,CK,78.85,-21.2078,-159.775,Paradise Inn
1178,Cartagena,CO,80.22,10.3997,-75.5144,Hotel Colombia Real - Cartagena
1179,Bintulu,MY,73.81,3.1667,113.0333,900 Boutique INN
1180,Hohoe,GH,77.25,7.1518,0.4736,Agumatsa Falls Lodge
1181,Acarau,BR,78.55,-2.8856,-40.12,castelo pizzaria
1183,Bengkulu,ID,79.07,-3.8004,102.2655,Grage Hotel Bengkulu
1185,Mwinilunga,ZM,62.73,-11.7358,24.4293,Kwakuwahi Lodge
1186,Georgetown,MY,78.89,5.4112,100.3354,Cititel Penang
1188,Mosetse,BW,67.21,-20.75,26.65,
1191,Saint George,US,66.79,37.1041,-113.5841,Best Western Plus Abbey Inn
1192,Kapaa,US,79.48,22.0752,-159.319,Sheraton Kauai Coconut Beach Resort
1193,Gat,IL,54.39,31.61,34.7642,OlusHome
1194,Bluff,NZ,53.8,-46.6,168.3333,Bluff Homestead - Guesthouse & Campervan Park
1196,Port Elizabeth,ZA,70.09,-33.918,25.5701,39 On Nile Guest House
1197,Busselton,AU,68.04,-33.65,115.3333,Observatory Guest House
1198,Hermanus,ZA,66.9,-34.4187,19.2345,Misty Waves Boutique Hotel
1200,Calabozo,VE,84.06,8.9242,-67.4293,Hotel Giardini
1202,New Norfolk,AU,78.66,-42.7826,147.0587,The Shingles Riverside Cottages
1203,Saint George,US,66.79,37.1041,-113.5841,Best Western Plus Abbey Inn
1204,Paita,PE,73.09,-5.0892,-81.1144,Hotel N√°utico de Paita
1205,Maceio,BR,80.04,-9.6658,-35.7353,Poutur Pousada
1208,East London,ZA,75.09,-33.0153,27.9116,Tu Casa
1209,Karasburg,,75.49,-28.0167,18.75,Hoon's Selfcatering
1217,Busselton,AU,68.04,-33.65,115.3333,Observatory Guest House
1218,Mar Del Plata,AR,62.87,-38.0023,-57.5575,Gran Hotel Mar del Plata
1220,Codrington,AU,85.75,-38.2667,141.9667,Codrington Gardens Bed And Breakfast
1223,Hobart,AU,79.02,-42.8794,147.3294,Mantra on Collins Hobart
1224,Wanning,CN,71.69,18.8003,110.3967,Paradise Hotel
1225,Avarua,CK,78.85,-21.2078,-159.775,Paradise Inn
1227,Mataura,NZ,53.47,-46.1927,168.8643,Ellie's Villa
1229,Port-Gentil,GA,80.38,-0.7193,8.7815,Fengshui Residence
1230,Georgetown,MY,78.89,5.4112,100.3354,Cititel Penang
1231,Hobart,AU,79.02,-42.8794,147.3294,Mantra on Collins Hobart
1232,Pacifica,US,76.8,37.6138,-122.4869,"Pacifica Lighthouse, Trademark Collection by Wyndham"
1233,Ondjiva,AO,68.09,-17.0667,15.7333,COMBUESA
1234,Punta Arenas,CL,51.91,-53.15,-70.9167,Hotel Hain
1237,Wonthaggi,AU,86.94,-38.6044,145.5913,Wonthaggi Caravans & Trailers
1238,Arraial Do Cabo,BR,75.07,-22.9661,-42.0278,Pousada Porto Praia
1239,Santa Cruz De Tenerife,ES,65.71,28.4682,-16.2546,Hotel Silken Atl√°ntida Santa Cruz
1242,Port Elizabeth,ZA,70.09,-33.918,25.5701,39 On Nile Guest House
1243,Avarua,CK,78.85,-21.2078,-159.775,Paradise Inn
1249,Rikitea,PF,78.84,-23.1203,-134.9692,People ThankYou
1250,Bluff,NZ,53.8,-46.6,168.3333,Bluff Homestead - Guesthouse & Campervan Park
1251,Busselton,AU,68.04,-33.65,115.3333,Observatory Guest House
1252,Ugoofaaru,MV,81.55,5.6667,73.0,Ungoofaaru Inn
1253,Saldanha,ZA,68.05,-33.0117,17.9442,Blue Bay Lodge
1254,Hambantota,LK,75.54,6.1241,81.1185,Bungalow 63
1256,Puerto Ayora,EC,75.54,-0.7393,-90.3518,Finch Bay Galapagos Hotel
1257,Nizwa,OM,62.22,22.9333,57.5333,Orient Apartments
1262,San Carlos De Bariloche,AR,76.75,-41.1456,-71.3082,Hotel Patagonia
1263,Puerto Ayora,EC,75.54,-0.7393,-90.3518,Finch Bay Galapagos Hotel
1264,Cape Town,ZA,69.89,-33.9258,18.4232,Southern Sun Waterfront Cape Town
1267,Mandurah,AU,76.15,-32.55,115.7,Atrium Hotel Mandurah
1268,Abha,SA,53.85,18.2164,42.5053,Abha Hotel
1269,Cabo San Lucas,MX,78.1,22.8909,-109.9124,Hotel Tesoro Los Cabos
1271,Bredasdorp,ZA,67.32,-34.5322,20.0403,Bredasdorp Country Manor
1274,Faya,SA,54.12,18.3851,42.4509,ÿßŸÖŸÑÿßŸÉ ÿÆÿßŸÑÿØ ÿßŸÑÿ¥ÿπÿ¥Ÿàÿπ
1275,Saint-Philippe,RE,78.35,-21.3585,55.7679,"Chambres d'h√¥te ""La Trinit√©"""
1277,Carnarvon,AU,86.07,-24.8667,113.6333,Hospitality Carnarvon
1281,Mataura,NZ,53.47,-46.1927,168.8643,Ellie's Villa
1284,Port Elizabeth,ZA,70.09,-33.918,25.5701,39 On Nile Guest House
1286,Arvin,US,84.33,35.2091,-118.8284,Geo Rizo
1287,Hilo,US,78.53,19.7297,-155.09,Hilo Hawaiian Hotel
1288,Pemba,MZ,75.9,-12.974,40.5178,Guesthouse Samotina
1289,Punta Arenas,CL,51.91,-53.15,-70.9167,Hotel Hain
1290,Bathsheba,BB,77.61,13.2167,-59.5167,Atlantis Hotel
1291,Kapaa,US,79.48,22.0752,-159.319,Sheraton Kauai Coconut Beach Resort
1295,Bandarbeyla,SO,74.19,9.4942,50.8122,JABIR HOTEL
1296,Castro,BR,61.39,-24.7911,-50.0119,CHACARA BAILLY
1297,Clarence Town,AU,78.82,-32.5833,151.7833,River Downs Cottage
1298,Victoria,HK,64.94,22.2855,114.1577,Mini Hotel Central
1299,Punta Arenas,CL,51.91,-53.15,-70.9167,Hotel Hain
1302,Vaini,TO,86.16,-21.2,-175.2,Keleti Beach Resort
1303,Ribeira Grande,PT,61.57,38.5167,-28.7,Quinta da Meia Eira
1304,Tual,ID,81.59,-5.6667,132.75,Grand Vilia Hotel
1305,Bambous Virieux,MU,77.25,-20.3428,57.7575,Casa Tia Villa
1308,Bluff,NZ,53.8,-46.6,168.3333,Bluff Homestead - Guesthouse & Campervan Park
1309,Busselton,AU,68.04,-33.65,115.3333,Observatory Guest House
1310,Hilo,US,78.53,19.7297,-155.09,Hilo Hawaiian Hotel
1311,Kaitangata,NZ,55.92,-46.2817,169.8464,Kaitangata Motor Camp
1312,Padang,ID,77.05,-0.9492,100.3543,Mercure Padang
1314,Mataura,NZ,53.47,-46.1927,168.8643,Ellie's Villa
1315,Lahat,ID,76.84,-3.8,103.5333,Hotel Grand Zuri Lahat by ZHM
1319,Port Lincoln,AU,78.35,-34.7333,135.8667,Port Lincoln Hotel
1321,Bredasdorp,ZA,67.32,-34.5322,20.0403,Bredasdorp Country Manor
1329,San Patricio,US,53.58,28.017,-97.5169,"Motel 6 Sinton, TX"
1330,Tarata,BO,56.62,-17.6167,-66.0167,Hacienda castillo
1331,Wamba,NG,73.35,8.9333,8.6,Roma Zee Guest House Annex
1332,Carnarvon,AU,86.07,-24.8667,113.6333,Hospitality Carnarvon
1333,New Norfolk,AU,78.66,-42.7826,147.0587,The Shingles Riverside Cottages
1336,Bambanglipuro,ID,65.61,-7.95,110.2833,Puri Brata
1337,Monrovia,LR,78.57,6.3005,-10.7969,Sunset Inn
1338,Luderitz,,72.63,-26.6481,15.1594,L√úDERITZ NEST HOTEL
1339,Punta Arenas,CL,51.91,-53.15,-70.9167,Hotel Hain
1340,New Norfolk,AU,78.66,-42.7826,147.0587,The Shingles Riverside Cottages
1342,Telhara,IN,62.38,21.0269,76.8389,Umesh Pande
1344,Saint-Philippe,RE,78.35,-21.3585,55.7679,"Chambres d'h√¥te ""La Trinit√©"""
1345,Sambava,MG,73.15,-14.2667,50.1667,Melrose
1346,Ribeira Grande,PT,61.57,38.5167,-28.7,Quinta da Meia Eira
1347,Bredasdorp,ZA,67.32,-34.5322,20.0403,Bredasdorp Country Manor
1349,Rikitea,PF,78.84,-23.1203,-134.9692,People ThankYou
1350,Sanary-Sur-Mer,FR,50.94,43.1178,5.8001,R√©sidence Pierre et Vacances Les Rivages de Coudouli√®re
1352,East London,ZA,75.09,-33.0153,27.9116,Tu Casa
1354,Mmathubudukwane,BW,66.72,-24.6,26.4333,Gill Sleepover Guesthouse
1355,Bredasdorp,ZA,67.32,-34.5322,20.0403,Bredasdorp Country Manor
1356,Geraldton,AU,75.61,-28.7667,114.6,Broadwater Mariner Resort
1358,Ribeira Grande,PT,61.57,38.5167,-28.7,Quinta da Meia Eira
1360,Port Alfred,ZA,75.36,-33.5906,26.891,The Halyards Hotel
1361,Ribeira Grande,PT,61.57,38.5167,-28.7,Quinta da Meia Eira
1365,Cidreira,BR,74.37,-30.1811,-50.2056,Hotel Castelo
1366,Hilo,US,78.53,19.7297,-155.09,Hilo Hawaiian Hotel
1367,Ribeira Grande,PT,61.57,38.5167,-28.7,Quinta da Meia Eira
1368,Tura,IN,53.13,25.5198,90.2201,Hotel RIKMAN Continental
1371,Hermanus,ZA,66.9,-34.4187,19.2345,Misty Waves Boutique Hotel
1372,Akyab,MM,59.49,20.15,92.9,Hotel Memory
1373,Itarema,BR,78.73,-2.9248,-39.9167,"Sea Lounge! Bar, Club & Restaurant"
1374,Busselton,AU,68.04,-33.65,115.3333,Observatory Guest House
1375,Punta Arenas,CL,51.91,-53.15,-70.9167,Hotel Hain
1377,Portland,US,63.19,45.5234,-122.6762,Embassy Suites by Hilton Portland Downtown
1378,Aransas Pass,US,51.89,27.9095,-97.15,Microtel Inn & Suites by Wyndham Aransas Pass/Corpus Christi
1380,Bluff,NZ,53.8,-46.6,168.3333,Bluff Homestead - Guesthouse & Campervan Park
1381,Kilosa,TZ,68.77,-6.8333,36.9833,New Bondeni Hotel
1382,Busselton,AU,68.04,-33.65,115.3333,Observatory Guest House
1383,Saint-Philippe,RE,78.35,-21.3585,55.7679,"Chambres d'h√¥te ""La Trinit√©"""
1385,Chuy,UY,67.42,-33.6971,-53.4616,Nuevo Hotel Plaza
1386,Mount Isa,AU,91.17,-20.7333,139.5,ibis Styles Mt Isa Verona
1388,Rikitea,PF,78.84,-23.1203,-134.9692,People ThankYou
1389,Mae Ramat,TH,64.72,16.984,98.5166,‡∏ö‡πâ‡∏≤‡∏ô‡πÇ‡∏Æ‡πà‡∏á‡πÇ‡∏Æ‡∏°‡∏™‡πÄ‡∏ï‡∏¢‡πå ‡πÅ‡∏°‡πà‡∏£‡∏∞‡∏°‡∏≤‡∏î ‡∏ï‡∏≤‡∏Å
1391,Umm Lajj,SA,66.88,25.0213,37.2685,Moon light Furnished Units
1392,Lompoc,US,82.71,34.6391,-120.4579,"Holiday Inn Express Lompoc, an IHG Hotel"
1395,Marawi,PH,69.66,7.9986,124.2928,Derogongan Residence
1396,Butaritari,KI,83.08,3.0707,172.7902,Isles Sunset Lodge
1399,Vaini,TO,86.16,-21.2,-175.2,Keleti Beach Resort
1400,Hobart,AU,79.02,-42.8794,147.3294,Mantra on Collins Hobart
1403,Fortuna,US,70.41,40.5982,-124.1573,Super 8 by Wyndham Fortuna
1404,Kieta,PG,85.24,-6.2167,155.6333,Uruna Bay Retreat
1405,Hilo,US,78.53,19.7297,-155.09,Hilo Hawaiian Hotel
1406,Pacific Grove,US,82.8,36.6177,-121.9166,Lovers Point Inn
1407,Busselton,AU,68.04,-33.65,115.3333,Observatory Guest House
1408,Wanning,CN,71.69,18.8003,110.3967,Paradise Hotel
1409,Bredasdorp,ZA,67.32,-34.5322,20.0403,Bredasdorp Country Manor
1410,Hithadhoo,MV,81.19,-0.6,73.0833,Scoop Guest House
1412,Mataura,NZ,53.47,-46.1927,168.8643,Ellie's Villa
1413,Asfi,MA,55.81,32.2994,-9.2372,H√¥tel Abda
1414,Kaitangata,NZ,55.92,-46.2817,169.8464,Kaitangata Motor Camp
1415,Dhidhdhoo,MV,81.25,6.8833,73.1,Dhidhoo beach
1416,Hobart,AU,79.02,-42.8794,147.3294,Mantra on Collins Hobart
1419,Mataura,NZ,53.47,-46.1927,168.8643,Ellie's Villa
1420,Portland,US,63.19,45.5234,-122.6762,Embassy Suites by Hilton Portland Downtown
1423,Mahibadhoo,MV,80.11,3.7833,72.9667,Omadhoo Inn
1424,Mataura,NZ,53.47,-46.1927,168.8643,Ellie's Villa
1425,Cape Town,ZA,69.89,-33.9258,18.4232,Southern Sun Waterfront Cape Town
1427,Rocha,UY,64.98,-34.4833,-54.3333,Hotel Arrarte
1428,Oistins,BB,77.09,13.0667,-59.5333,Butterfly Beach Hotel
1430,Punta Arenas,CL,51.91,-53.15,-70.9167,Hotel Hain
1431,Chancay,PE,76.32,-11.5714,-77.2672,Hotel Madre Perla
1434,Ancud,CL,67.53,-41.8697,-73.8203,Hotel Arena Gruesa
1435,Punta Arenas,CL,51.91,-53.15,-70.9167,Hotel Hain
1436,Malakal,SS,77.58,9.5334,31.6605,Nile Palace Hotel
1439,Castro,BR,61.39,-24.7911,-50.0119,CHACARA BAILLY
1442,Bethel,US,50.36,41.3712,-73.414,Courtyard by Marriott Danbury
1443,New Norfolk,AU,78.66,-42.7826,147.0587,The Shingles Riverside Cottages
1444,Lumphat,KH,78.26,13.4878,106.9816,Lumphat Homestay
1445,Rikitea,PF,78.84,-23.1203,-134.9692,People ThankYou
1446,Arinos,BR,69.39,-15.9169,-46.1056,casa do bruno
1447,Namibe,AO,74.34,-15.1961,12.1522,Hotel Chik Chik Namibe
1448,Chuy,UY,67.42,-33.6971,-53.4616,Nuevo Hotel Plaza
1450,Castro,BR,61.39,-24.7911,-50.0119,CHACARA BAILLY
1451,Esperance,AU,66.04,-33.8667,121.9,Hospitality Esperance
1452,Taoudenni,ML,61.79,22.6783,-3.9836,
1453,Mataura,NZ,53.47,-46.1927,168.8643,Ellie's Villa
1454,Sao Joao Da Barra,BR,74.71,-21.6403,-41.0511,Pousada Porto De Canoas
1455,Kudahuvadhoo,MV,80.8,2.6708,72.8944,Niyama Private Islands Maldives
1456,Quime,BO,51.39,-16.9833,-67.2167,Hostal Colibri
1460,Castro,BR,61.39,-24.7911,-50.0119,CHACARA BAILLY
1462,Bluff,NZ,53.8,-46.6,168.3333,Bluff Homestead - Guesthouse & Campervan Park
1467,Cape Town,ZA,69.89,-33.9258,18.4232,Southern Sun Waterfront Cape Town
1468,Busselton,AU,68.04,-33.65,115.3333,Observatory Guest House
1469,Butaritari,KI,83.08,3.0707,172.7902,Isles Sunset Lodge
1470,Punta Arenas,CL,51.91,-53.15,-70.9167,Hotel Hain
1474,Ribeira Grande,PT,61.57,38.5167,-28.7,Quinta da Meia Eira
1475,Gerash,IR,53.74,27.6652,54.1371,Sa'adat House Gerash
1476,Olinda,BR,83.93,-8.0089,-34.8553,Pousada Sitio Do Carmo
1477,Busselton,AU,68.04,-33.65,115.3333,Observatory Guest House
1478,Jalalpur Pirwala,PK,54.27,29.5069,71.2192,Bhatti Easy Paisa Shop
1481,Lorengau,PG,82.58,-2.0226,147.2712,Lorengau Harbourside Hotel
1482,Punta Arenas,CL,51.91,-53.15,-70.9167,Hotel Hain
1484,Bambous Virieux,MU,77.25,-20.3428,57.7575,Casa Tia Villa
1485,Male,MV,80.55,4.1748,73.5089,Hotel Octave Maldives
1486,Mossendjo,CG,70.3,-2.9506,12.7261,HOTEL D'ASSISE
1487,Waitati,NZ,52.81,-45.75,170.5667,Arden Country House BnB Dunedin
1488,Los Llanos De Aridane,ES,62.35,28.6585,-17.9182,Valle Aridane
1489,Rikitea,PF,78.84,-23.1203,-134.9692,People ThankYou
1490,East London,ZA,75.09,-33.0153,27.9116,Tu Casa
1492,Bluff,NZ,53.8,-46.6,168.3333,Bluff Homestead - Guesthouse & Campervan Park
1494,Kruisfontein,ZA,69.76,-34.0033,24.7314,Oyster Bay House Rental
1495,Punta Arenas,CL,51.91,-53.15,-70.9167,Hotel Hain
1496,Ribeira Grande,PT,61.57,38.5167,-28.7,Quinta da Meia Eira
1497,Luba,GQ,78.69,3.4568,8.5547,
1498,Cape Town,ZA,69.89,-33.9258,18.4232,Southern Sun Waterfront Cape Town
1499,Port Elizabeth,ZA,70.09,-33.918,25.5701,39 On Nile Guest House
1500,Mackay,AU,82.69,-21.15,149.2,International Lodge Motel
1501,Gopalur,IN,64.6,16.6167,77.8,Dhaba- Motel
1503,Abu Dhabi,AE,69.82,24.4667,54.3667,Ramee Garden Hotel Apartments
1505,Cayenne,GF,78.1,4.9333,-52.3333,H√¥tel Le Dronmi
1506,Rikitea,PF,78.84,-23.1203,-134.9692,People ThankYou
1507,Bambous Virieux,MU,77.25,-20.3428,57.7575,Casa Tia Villa
1508,Dhidhdhoo,MV,81.25,6.8833,73.1,Dhidhoo beach
1510,Batticaloa,LK,75.02,7.7102,81.6924,Grand Star Guest House
1511,Kupang,ID,81.88,-10.1667,123.5833,Hotel On The Rock by Prasanthi
1515,Karratha,AU,90.01,-20.7377,116.8463,ibis Styles Karratha
1516,Hermanus,ZA,66.9,-34.4187,19.2345,Misty Waves Boutique Hotel
1517,Saint-Philippe,RE,78.35,-21.3585,55.7679,"Chambres d'h√¥te ""La Trinit√©"""
1518,East London,ZA,75.09,-33.0153,27.9116,Tu Casa
1524,Yambio,SS,73.13,4.5721,28.3955,Naivasha Hotel
1525,Chuy,UY,67.42,-33.6971,-53.4616,Nuevo Hotel Plaza
1527,Puerto Rondon,CO,79.61,6.2805,-71.1,Urbanizaci√≥n Santa Clara
1529,Kasongo,CD,67.32,-4.45,26.6667,Guest H√¥tel
1530,Ponta Do Sol,PT,63.23,32.6667,-17.1,Hotel do Campo
1531,Cape Town,ZA,69.89,-33.9258,18.4232,Southern Sun Waterfront Cape Town
1532,Banting,MY,77.14,2.8167,101.5,Hotel Intan Jugra
1534,Cabo San Lucas,MX,78.1,22.8909,-109.9124,Hotel Tesoro Los Cabos
1535,Cape Town,ZA,69.89,-33.9258,18.4232,Southern Sun Waterfront Cape Town
1536,Bluff,NZ,53.8,-46.6,168.3333,Bluff Homestead - Guesthouse & Campervan Park
1538,Gairatganj,IN,53.17,23.4202,78.2385,new garib namz road lines
1539,Naranjal,EC,80.4,-2.6667,-79.6167,Media Naranja
1540,New Norfolk,AU,78.66,-42.7826,147.0587,The Shingles Riverside Cottages
1541,Hilo,US,78.53,19.7297,-155.09,Hilo Hawaiian Hotel
1542,Esperance,AU,66.04,-33.8667,121.9,Hospitality Esperance
1545,Henties Bay,,70.86,-22.116,14.2845,Fishermans Guest House
1548,Carutapera,BR,77.16,-1.195,-46.02,Lidera
1549,Mataura,NZ,53.47,-46.1927,168.8643,Ellie's Villa
1552,Kirakira,SB,85.03,-10.4544,161.9205,SanBiz Lodge
1554,Ponta Do Sol,PT,63.23,32.6667,-17.1,Hotel do Campo
1555,Grand Gaube,MU,77.4,-20.0064,57.6608,Veranda Paul et Virginie Hotel & Spa
1556,Ambulu,ID,77.85,-8.345,113.6058,Hotel Ambulu Jember
1557,Saint George,US,66.79,37.1041,-113.5841,Best Western Plus Abbey Inn
1558,Rikitea,PF,78.84,-23.1203,-134.9692,People ThankYou
1559,Bouna,CI,73.33,9.2667,-3.0,H√¥tel lababa
1561,Lebu,CL,58.12,-37.6167,-73.65,Hostal Las Lilas
1562,Hermanus,ZA,66.9,-34.4187,19.2345,Misty Waves Boutique Hotel
1565,Del Rio,US,62.71,29.3627,-100.8968,"Holiday Inn Express & Suites del Rio, an IHG Hotel"
1566,Hambantota,LK,75.54,6.1241,81.1185,Bungalow 63
1567,Castro,BR,61.39,-24.7911,-50.0119,CHACARA BAILLY
1569,Cape Town,ZA,69.89,-33.9258,18.4232,Southern Sun Waterfront Cape Town
1570,Calvinia,ZA,77.0,-31.4707,19.776,Die Lemoenhuis
1572,Codrington,AU,85.75,-38.2667,141.9667,Codrington Gardens Bed And Breakfast
1573,Mataura,NZ,53.47,-46.1927,168.8643,Ellie's Villa
1575,Coahuayana,MX,89.08,18.7333,-103.6833,El rranchito michuacan de ocampos
1576,Naron,ES,51.03,43.5167,-8.1528,Marcial
1577,Mataura,NZ,53.47,-46.1927,168.8643,Ellie's Villa
1579,Vila Franca Do Campo,PT,63.19,37.7167,-25.4333,Pestana Bahia Praia
1580,Cape Town,ZA,69.89,-33.9258,18.4232,Southern Sun Waterfront Cape Town
1581,Saldanha,ZA,68.05,-33.0117,17.9442,Blue Bay Lodge
1582,Rikitea,PF,78.84,-23.1203,-134.9692,People ThankYou
1583,Christchurch,NZ,54.91,-43.5333,172.6333,The George
1588,Pensacola,US,61.02,30.4213,-87.2169,Days Inn by Wyndham Pensacola - Historic Downtown
1590,Punta Arenas,CL,51.91,-53.15,-70.9167,Hotel Hain
1592,Nampula,MZ,68.58,-15.1165,39.2666,BUTIK Hotel
1593,Abu Dhabi,AE,69.82,24.4667,54.3667,Ramee Garden Hotel Apartments
1594,Hobart,AU,79.02,-42.8794,147.3294,Mantra on Collins Hobart
1596,Hilo,US,78.53,19.7297,-155.09,Hilo Hawaiian Hotel
1597,Rikitea,PF,78.84,-23.1203,-134.9692,People ThankYou
1598,Kapaa,US,79.48,22.0752,-159.319,Sheraton Kauai Coconut Beach Resort
1599,Yenagoa,NG,77.67,4.9247,6.2642,Aridolf Resort Wellness and Spa
1601,Puerto Ayora,EC,75.54,-0.7393,-90.3518,Finch Bay Galapagos Hotel
1603,Rikitea,PF,78.84,-23.1203,-134.9692,People ThankYou
1605,Mataura,NZ,53.47,-46.1927,168.8643,Ellie's Villa
1606,Esmeraldas,BR,70.66,-19.7625,-44.3139,Bom Ser√° - Marcinho e Fernanda
1609,Innisfail,AU,87.22,-17.5333,146.0333,Moondarra Motel
1610,Mar Del Plata,AR,62.87,-38.0023,-57.5575,Gran Hotel Mar del Plata
1611,Port Alfred,ZA,75.36,-33.5906,26.891,The Halyards Hotel
1613,Butaritari,KI,83.08,3.0707,172.7902,Isles Sunset Lodge
1614,Westport,US,51.78,41.1415,-73.3579,The Westport Inn
1616,Busselton,AU,68.04,-33.65,115.3333,Observatory Guest House
1617,Rawson,AR,73.11,-43.3002,-65.1023,Hosteria Sampedro
1618,Atuona,PF,77.67,-9.8,-139.0333,Villa Enata
1619,Castro,BR,61.39,-24.7911,-50.0119,CHACARA BAILLY
1621,Busselton,AU,68.04,-33.65,115.3333,Observatory Guest House
1622,Bell Ville,AR,54.66,-32.6259,-62.6887,Hotel Central
1623,Busselton,AU,68.04,-33.65,115.3333,Observatory Guest House
1627,Carnarvon,AU,86.07,-24.8667,113.6333,Hospitality Carnarvon
1628,Kayanza,BI,57.63,-3.0667,29.6667,
1630,Bontang,ID,76.5,0.1333,117.5,KOPKAR Hotel Bintang Sintuk
1631,Arraial Do Cabo,BR,75.07,-22.9661,-42.0278,Pousada Porto Praia
1632,Castro,BR,61.39,-24.7911,-50.0119,CHACARA BAILLY
1634,Jagdalpur,IN,52.79,19.0667,82.0333,Hotel Devansh Residency
1638,Madarounfa,NE,64.35,13.3087,7.156,Madarounfa centre ville
1640,Ramgarh,IN,51.85,23.6333,85.5167,HOTEL TREAT RESIDENCY
1644,Busselton,AU,68.04,-33.65,115.3333,Observatory Guest House
1645,Ribeira Grande,PT,61.57,38.5167,-28.7,Quinta da Meia Eira
1647,Georgetown,MY,78.89,5.4112,100.3354,Cititel Penang
1651,Punta Arenas,CL,51.91,-53.15,-70.9167,Hotel Hain
1653,Hermanus,ZA,66.9,-34.4187,19.2345,Misty Waves Boutique Hotel
1654,Rikitea,PF,78.84,-23.1203,-134.9692,People ThankYou
1655,Hithadhoo,MV,81.19,-0.6,73.0833,Scoop Guest House
1657,Orange Cove,US,81.72,36.6244,-119.3137,
1658,Tsabong,BW,74.52,-26.0217,22.401,Springbok Motel
1659,Punta Arenas,CL,51.91,-53.15,-70.9167,Hotel Hain
1660,Bluff,NZ,53.8,-46.6,168.3333,Bluff Homestead - Guesthouse & Campervan Park
1661,Mataura,NZ,53.47,-46.1927,168.8643,Ellie's Villa
1662,Hithadhoo,MV,81.19,-0.6,73.0833,Scoop Guest House
1663,Russell,US,63.63,32.3502,-85.1999,Macs
1665,Cape Town,ZA,69.89,-33.9258,18.4232,Southern Sun Waterfront Cape Town
1666,Butaritari,KI,83.08,3.0707,172.7902,Isles Sunset Lodge
1667,Hermanus,ZA,66.9,-34.4187,19.2345,Misty Waves Boutique Hotel
1669,Caravelas,BR,76.69,-17.7125,-39.2481,Pousada dos Navegantes
1672,Avera,US,60.71,33.194,-82.5271,
1673,Rikitea,PF,78.84,-23.1203,-134.9692,People ThankYou
1675,Bluff,NZ,53.8,-46.6,168.3333,Bluff Homestead - Guesthouse & Campervan Park
1676,Lebu,CL,58.12,-37.6167,-73.65,Hostal Las Lilas
1677,Alyangula,AU,87.67,-13.8483,136.4192,Groote Eylandt Lodge
1678,Hithadhoo,MV,81.19,-0.6,73.0833,Scoop Guest House
1680,Kapaa,US,79.48,22.0752,-159.319,Sheraton Kauai Coconut Beach Resort
1681,Hobart,AU,79.02,-42.8794,147.3294,Mantra on Collins Hobart
1683,Bambous Virieux,MU,77.25,-20.3428,57.7575,Casa Tia Villa
1684,Isangel,VU,86.11,-19.55,169.2667,Tanna Lodge
1686,Enugu,NG,74.44,6.4402,7.4943,Bestchoice Hotel & Suites Enugu
1689,Carnarvon,AU,86.07,-24.8667,113.6333,Hospitality Carnarvon
1690,Mataura,NZ,53.47,-46.1927,168.8643,Ellie's Villa
1691,Cape Town,ZA,69.89,-33.9258,18.4232,Southern Sun Waterfront Cape Town
1692,Port Keats,AU,85.89,-14.25,129.55,TDC Village (Hundred Man Camp)
1693,Kulhudhuffushi,MV,81.27,6.6221,73.07,Haajy Guest House 1
1695,Fortuna,US,70.41,40.5982,-124.1573,Super 8 by Wyndham Fortuna
1696,Kapaa,US,79.48,22.0752,-159.319,Sheraton Kauai Coconut Beach Resort
1697,Punta Arenas,CL,51.91,-53.15,-70.9167,Hotel Hain
1698,Hithadhoo,MV,81.19,-0.6,73.0833,Scoop Guest House
1699,Busselton,AU,68.04,-33.65,115.3333,Observatory Guest House
1700,Puerto Ayora,EC,75.54,-0.7393,-90.3518,Finch Bay Galapagos Hotel
1703,Hobart,AU,79.02,-42.8794,147.3294,Mantra on Collins Hobart
1704,Rikitea,PF,78.84,-23.1203,-134.9692,People ThankYou
1705,Mbanza-Ngungu,CD,66.43,-5.25,14.8667,Hotel Full Business
1706,Hirara,JP,66.47,24.8,125.2833,Hotel Atoll Emerald Miyakojima
1707,Amapa,BR,72.41,1.0,-52.0,
1708,Puerto Rico,AR,76.15,-26.796,-55.024,Hotel Caba√±as del Prado
1709,North Myrtle Beach,US,59.34,33.816,-78.68,Avista Resort
1710,Kapaa,US,79.48,22.0752,-159.319,Sheraton Kauai Coconut Beach Resort
1711,Obera,AR,68.38,-27.4871,-55.1199,CABA√ëAS DORALIA
1712,Puerto Ayora,EC,75.54,-0.7393,-90.3518,Finch Bay Galapagos Hotel
1713,Constitucion,CL,59.47,-35.3333,-72.4167,Hotel Boutique Las Azucenas
1714,Saldanha,ZA,68.05,-33.0117,17.9442,Blue Bay Lodge
1716,Sanguem,IN,71.08,15.2333,74.1667,Hotel
1718,Beruwala,LK,75.4,6.4788,79.9828,The Palms Hotel
1719,Lompoc,US,82.71,34.6391,-120.4579,"Holiday Inn Express Lompoc, an IHG Hotel"
1720,Peniche,PT,54.63,39.3558,-9.3811,Hotel Star inn Peniche
1723,Esmeraldas,BR,70.66,-19.7625,-44.3139,Bom Ser√° - Marcinho e Fernanda
1724,Kishi,NG,78.28,9.0833,3.85,New NCCF KISI
1725,Esperance,AU,66.04,-33.8667,121.9,Hospitality Esperance
1731,Praia Da Vitoria,PT,62.85,38.7333,-27.0667,Hotel Branco I
1732,Esperance,AU,66.04,-33.8667,121.9,Hospitality Esperance
1733,Cayenne,GF,78.1,4.9333,-52.3333,H√¥tel Le Dronmi
1734,Busselton,AU,68.04,-33.65,115.3333,Observatory Guest House
1735,Rikitea,PF,78.84,-23.1203,-134.9692,People ThankYou
1736,Khuzdar,PK,51.44,27.7384,66.6434,jhalwan Rent A Car Compny Moola Chotok
1737,Birao,CF,67.78,10.2849,22.7882,
1738,Whitianga,NZ,66.02,-36.8333,175.7,Beachside Resort Whitianga
1739,Ancud,CL,67.53,-41.8697,-73.8203,Hotel Arena Gruesa
1740,Bredasdorp,ZA,67.32,-34.5322,20.0403,Bredasdorp Country Manor
1741,Rikitea,PF,78.84,-23.1203,-134.9692,People ThankYou
1742,Charlestown,AU,78.69,-32.95,151.6667,Panorama Motor Inn Hotel
1743,Avarua,CK,78.85,-21.2078,-159.775,Paradise Inn
1744,Lodwar,KE,81.52,3.1191,35.5973,Solmar Gracious Hotel
1746,Tabuk,PH,75.94,17.4189,121.4443,Golden Berries Hotel and Convention
1747,Georgetown,MY,78.89,5.4112,100.3354,Cititel Penang
1748,Juba,SS,76.6,4.8517,31.5825,ROYAL PALACE HOTEL - JUBA
1750,Busselton,AU,68.04,-33.65,115.3333,Observatory Guest House
1755,Rikitea,PF,78.84,-23.1203,-134.9692,People ThankYou
1757,Vanimo,PG,82.85,-2.6741,141.3028,Vahmoneh Lodge Vanimo
1759,Mataura,NZ,53.47,-46.1927,168.8643,Ellie's Villa
1760,Sinnamary,GF,76.1,5.3833,-52.95,ALETHEIA Appartement Sinnamary
1762,Butaritari,KI,83.08,3.0707,172.7902,Isles Sunset Lodge
1763,Honiara,SB,85.41,-9.4333,159.95,Heritage Park Hotel
1765,Castro,BR,61.39,-24.7911,-50.0119,CHACARA BAILLY
1767,Grand Gaube,MU,77.4,-20.0064,57.6608,Veranda Paul et Virginie Hotel & Spa
1768,Nalchiti,BD,57.34,22.6333,90.2833,Abdus Satter Khalifa
1770,Isla Vista,US,82.51,34.4133,-119.861,Best Western Plus South Coast Inn
1771,Cape Town,ZA,69.89,-33.9258,18.4232,Southern Sun Waterfront Cape Town
1772,Am Timan,TD,73.81,11.0297,20.2827,Palais du chef Canton Salamt
1773,Emerald,AU,83.34,-23.5333,148.1667,The Irish Village
1774,Bharatpur,IN,50.27,27.2167,77.4833,OYO 22446 Sonar Haveli
1777,Ponta Do Sol,PT,63.23,32.6667,-17.1,Hotel do Campo
1780,Maun,BW,67.15,-19.9833,23.4167,Enviro Villa
1782,Esperance,AU,66.04,-33.8667,121.9,Hospitality Esperance
1784,Polignano A Mare,IT,54.01,40.9959,17.2159,Grotta Palazzese
1786,Vaini,TO,86.16,-21.2,-175.2,Keleti Beach Resort
1787,Port Lincoln,AU,78.35,-34.7333,135.8667,Port Lincoln Hotel
1788,Mataura,NZ,53.47,-46.1927,168.8643,Ellie's Villa
1789,Port Alfred,ZA,75.36,-33.5906,26.891,The Halyards Hotel
1792,Kavieng,PG,82.49,-2.5744,150.7967,Nusa Island Retreat
1795,Lebu,CL,58.12,-37.6167,-73.65,Hostal Las Lilas
1796,Hobart,AU,79.02,-42.8794,147.3294,Mantra on Collins Hobart
1797,Marsh Harbour,BS,75.07,26.5412,-77.0636,Abaco Beach Resort
1798,Rikitea,PF,78.84,-23.1203,-134.9692,People ThankYou
1800,Bredasdorp,ZA,67.32,-34.5322,20.0403,Bredasdorp Country Manor
1801,Kruisfontein,ZA,69.76,-34.0033,24.7314,Oyster Bay House Rental
1803,Geraldton,AU,75.61,-28.7667,114.6,Broadwater Mariner Resort
1806,Ribeira Grande,PT,61.57,38.5167,-28.7,Quinta da Meia Eira
1807,Sechura,PE,74.8,-5.5569,-80.8222,Hospedaje Costa Bella
1808,Castro,BR,61.39,-24.7911,-50.0119,CHACARA BAILLY
1809,Hermanus,ZA,66.9,-34.4187,19.2345,Misty Waves Boutique Hotel
1811,Gamba,GA,77.32,-2.65,10.0,
1812,Padang,ID,77.05,-0.9492,100.3543,Mercure Padang
1814,Port Macquarie,AU,71.56,-31.4333,152.9167,Rydges Port Macquarie
1815,Mataura,NZ,53.47,-46.1927,168.8643,Ellie's Villa
1816,Kaitangata,NZ,55.92,-46.2817,169.8464,Kaitangata Motor Camp
1817,Hermanus,ZA,66.9,-34.4187,19.2345,Misty Waves Boutique Hotel
1820,Cape Town,ZA,69.89,-33.9258,18.4232,Southern Sun Waterfront Cape Town
